timestamp,value
0,18713.9382
0,18730.6294
0,18718.9097
0,18709.3971
0,18713.2723
0,18701.1344
0,18666.5014
0,18671.8139
0,18672.9069
0,18663.8905
0,18627.9321
0,18693.4401
0,18677.8946
0,18663.1933
0,18667.5086
0,18697.9836
0,18776.5843
0,18748.6098
0,18741.4043
0,18690.4502
0,18652.0117
0,18658.5101
0,18701.1171
0,18691.6236
0,18694.118
0,18698.3171
0,18686.7713
0,18700.9204
0,18725.6181
0,18685.1952
0,18703.3185
0,18688.7741
0,18709.9581
0,18696.0474
0,18673.1529
0,18694.8771
0,18683.6856
0,18691.0747
0,18641.7568
0,18641.817
0,18645.0611
0,18657.8658
0,18654.9819
0,18635.5387
0,18639.5173
0,18485.5763
0,18540.5385
0,18573.0758
0,18541.432
0,18550.9006
0,18652.4418
0,18635.5555
0,18624.6221
0,18630.046
0,18622.8347
0,18616.8771
0,18625.6437
0,18638.5696
0,18637.3063
0,18659.2935
0,18657.847
0,18649.2699
0,18652.0212
0,18625.1533
0,18624.6613
0,18647.0429
0,18663.6298
0,18673.0349
0,18675.5577
0,18656.5425
0,18722.2962
0,18717.9843
0,18684.8601
0,18693.247
0,18693.2741
0,18717.0768
0,18725.1281
0,18743.3746
0,18688.3644
0,18689.4329
0,18715.7943
0,18742.4959
0,18759.3848
0,18775.7178
0,18775.4175
0,18760.9223
0,18748.493
0,18787.2944
0,18696.2083
0,18694.3543
0,18711.3283
0,18670.0247
0,18645.4984
0,18579.3336
0,18521.7839
0,18587.5964
0,18576.8792
0,18552.5387
0,18567.7872
0,18582.6945
0,18533.2154
0,18538.4105
0,18551.9921
0,18512.1263
0,18575.7481
0,18573.81
0,18571.1658
0,18595.6778
0,18551.8883
0,18530.8493
0,18542.7517
0,18533.2427
0,18528.3052
0,18554.6571
0,18559.3396
0,18531.8083
0,18551.961
0,18574.8396
0,18609.4725
0,18580.8141
0,18572.8925
0,18558.2737
0,18561.0249
0,18551.7123
0,18550.0895
0,18552.9313
0,18563.898
0,18525.9336
0,18558.7676
0,18555.8527
0,18534.6969
0,18527.9616
0,18510.5426
0,18490.7229
0,18515.0109
0,18493.791
0,18502.6321
0,18507.1038
0,18532.3431
0,18526.4251
0,18502.8456
0,18492.5325
0,18504.0102
0,18487.6482
0,18493.7802
0,18497.6147
0,18483.3876
0,18446.4137
0,18269.4105
0,18313.3073
0,18422.4736
0,18482.9791
0,18559.7279
0,18471.7131
0,18491.7676
0,18522.0294
0,18553.3452
0,18550.1917
0,18632.0247
0,18627.2105
0,18673.0722
0,18626.719
0,18681.4197
0,18658.3824
0,18705.2012
0,18651.2571
0,18636.4426
0,18634.6334
0,18666.0256
0,18657.5689
0,18729.9324
0,18718.4441
0,18681.8164
0,18674.7492
0,18678.1043
0,18679.0061
0,18657.0551
0,18656.3694
0,18665.8924
0,18669.2281
0,18683.5981
0,18667.6767
0,18682.6749
0,18694.038
0,18682.5906
0,18683.8959
0,18672.7319
0,18670.7182
0,18672.8452
0,18664.3827
0,18660.2166
0,18642.5445
0,18658.8162
0,18656.2288
0,18660.617
0,18654.9002
0,18654.895
0,18648.4122
0,18648.8724
0,18644.3704
0,18656.6435
0,18658.8298
0,18661.4763
0,18666.6897
0,18676.9422
0,18674.4133
0,18666.0026
0,18661.3592
0,18656.6267
0,18662.1081
0,18673.851
0,18662.342
0,18650.9237
0,18651.7582
0,18664.1412
0,18667.5726
0,18684.53
0,18673.6822
0,18675.0865
0,18687.7345
0,18680.5885
0,18668.4445
0,18675.1255
0,18726.6753
0,18711.994
0,18735.0775
0,18724.3082
0,18732.3223
0,18728.0712
0,18749.7666
0,18732.7116
0,18719.2623
0,18724.2747
0,18737.6164
0,18709.4926
0,18679.8052
0,18699.6415
0,18692.5089
0,18682.9101
0,18672.0199
0,18654.2381
0,18661.5533
0,18673.8914
0,18682.4676
0,18673.1439
0,18686.3271
0,18685.5781
0,18689.9031
0,18688.517
0,18685.3818
0,18690.9937
0,18717.7319
0,18721.9446
0,18709.7736
0,18714.0579
0,18719.8289
0,18706.9527
0,18698.1836
0,18703.4531
0,18691.8897
0,18701.2857
0,18705.5379
0,18701.9413
0,18709.2699
0,18706.822
0,18695.2523
0,18679.5061
0,18703.6941
0,18702.477
0,18719.4923
0,18697.6705
0,18692.5249
0,18685.4135
0,18691.1504
0,18681.3486
0,18678.4124
0,18674.1302
0,18657.8662
0,18658.5143
0,18667.7915
0,18659.6107
0,18677.5158
0,18680.8457
0,18687.9259
0,18691.2454
0,18687.6561
0,18687.577
0,18687.1194
0,18690.3056
0,18682.821
0,18678.1271
0,18673.0432
0,18672.4269
0,18648.9538
0,18652.2026
0,18656.8735
0,18657.1554
0,18587.6987
0,18633.1041
0,18677.6358
0,18661.2468
0,18689.8313
0,18693.6208
0,18690.6171
0,18695.6922
0,18709.6695
0,18687.3554
0,18694.4001
0,18690.3553
0,18699.2898
0,18684.2399
0,18694.4215
0,18681.4404
0,18704.2088
0,18731.9021
0,18931.3617
0,18929.2167
0,18977.1003
0,18960.6759
0,18942.5249
0,18959.8047
0,18975.4075
0,18976.2473
0,18986.1034
0,18984.9187
0,18966.1025
0,18949.9177
0,18991.8523
0,18999.1962
0,19049.3431
0,18972.8999
0,18982.0439
0,19100.0688
0,19078.2296
0,19140.8556
0,19102.318
0,19083.6613
0,19065.1666
0,19068.6764
0,19040.1011
0,19076.1305
0,19019.0664
0,18923.171
0,18897.8467
0,18818.7466
0,18826.6391
0,18818.3585
0,18827.2549
0,18845.6682
0,18826.9224
0,18784.5325
0,18831.6239
0,18838.9399
0,18841.4794
0,18826.1634
0,18842.6688
0,18867.4138
0,18881.7057
0,18927.1646
0,18891.395
0,18903.8879
0,18888.0863
0,18884.5305
0,18920.7838
0,18926.0399
0,18893.7822
0,18878.6928
0,18849.4305
0,18848.9556
0,18822.4469
0,18761.5808
0,18711.4707
0,18780.1084
0,18766.7702
0,18769.3884
0,18793.7438
0,18806.7123
0,18801.5031
0,18805.0893
0,18788.1075
0,18768.9635
0,18750.9638
0,18795.8074
0,18803.5355
0,18827.1611
0,18836.7973
0,18871.2919
0,18865.0457
0,18852.4509
0,18838.6349
0,18836.8669
0,18816.3684
0,18867.5703
0,18879.334
0,18839.7761
0,18846.6297
0,18861.4945
0,18830.4098
0,18818.9239
0,18842.1911
0,18851.3008
0,18841.9818
0,18817.8614
0,18830.7923
0,18834.5591
0,18824.5862
0,18784.2055
0,18798.4244
0,18814.4878
0,18852.7827
0,18839.9488
0,18816.7004
0,18841.7112
0,18846.3441
0,18823.8338
0,18797.2931
0,18812.1532
0,18806.574
0,18789.4159
0,18801.8564
0,18778.5073
0,18771.271
0,18761.9745
0,18768.3233
0,18767.3547
0,18784.8689
0,18795.0573
0,18791.4321
0,18788.5558
0,18821.9089
0,18811.245
0,18796.5404
0,18791.7489
0,18800.1036
0,18857.0223
0,18940.5189
0,18933.9182
0,18924.1534
0,18995.2965
0,19092.9705
0,19132.1661
0,19161.1247
0,19237.5408
0,19256.1544
0,19278.3862
0,19483.3805
0,19471.6874
0,19581.0623
0,19832.9725
0,19811.2903
0,19816.4516
0,19692.7216
0,19622.9575
0,19528.5329
0,19603.9414
0,19640.4764
0,19643.4007
0,19604.71
0,19633.1477
0,19664.5229
0,19643.5865
0,19595.7115
0,19508.7808
0,19561.1385
0,19548.7372
0,19599.7422
0,19570.2919
0,19590.6199
0,19592.013
0,19603.0188
0,19672.7801
0,19672.013
0,19732.8737
0,19723.3232
0,19732.7117
0,19703.3557
0,19641.2952
0,19651.3692
0,19669.8725
0,19662.0549
0,19648.417
0,19680.2707
0,19690.8982
0,19699.6988
0,19711.7944
0,19775.8219
0,19784.3139
0,19852.2483
0,19771.7558
0,20106.4892
0,20160.1119
0,20169.9024
0,20084.5246
0,20124.7601
0,20126.1897
0,20082.6149
0,20091.5352
0,20119.0962
0,20132.9169
0,20186.8233
0,20128.5185
0,20107.9425
0,20085.8096
0,20047.8816
0,19999.6406
0,20024.2712
0,20002.4286
0,19986.0388
0,20129.5621
0,20280.7871
0,20406.9781
0,20348.4878
0,20318.4465
0,20291.0344
0,20347.5757
0,20303.4186
0,20339.7704
0,20284.0546
0,20260.512
0,20215.3377
0,20191.1997
0,20185.1379
0,20202.8036
0,20303.7427
0,20248.6708
0,20251.1289
0,20165.8422
0,20113.945
0,20192.2086
0,20205.6851
0,20229.962
0,20233.152
0,20192.941
0,20183.3339
0,20232.8893
0,20200.431
0,20215.6444
0,20186.8872
0,20218.4843
0,20172.0108
0,20305.3597
0,20312.4221
0,20246.1121
0,20307.8248
0,20279.7424
0,20268.1737
0,20247.409
0,20270.0454
0,20221.9985
0,20184.3205
0,20250.2619
0,20151.8982
0,20228.3435
0,20242.3029
0,20275.4122
0,20279.0847
0,20285.6421
0,20315.9925
0,20282.8793
0,20271.7524
0,20290.4991
0,20232.4202
0,20228.6962
0,20209.7808
0,20235.8478
0,20190.1571
0,20179.8195
0,20178.5047
0,20176.6301
0,20188.0648
0,20206.4548
0,20161.9221
0,20126.7964
0,20118.5169
0,20080.7945
0,20069.2912
0,20093.2725
0,20040.5526
0,20009.2243
0,20035.617
0,20070.4713
0,20089.4665
0,20028.938
0,20051.5149
0,20101.4278
0,20150.0612
0,20221.2416
0,20084.6572
0,20075.5769
0,20111.68
0,20026.3257
0,20104.6402
0,20074.9912
0,20077.7725
0,20094.8514
0,20055.6074
0,20065.3283
0,20061.7626
0,20043.2215
0,20045.1628
0,20079.7285
0,20081.6612
0,20084.8041
0,20058.5526
0,20052.143
0,20061.8649
0,20063.4159
0,20100.4242
0,20116.8747
0,20134.5259
0,20099.0024
0,20007.9127
0,19776.9278
0,19885.0961
0,19904.7598
0,19858.0038
0,19814.7587
0,19856.9636
0,19830.7076
0,19873.1894
0,19850.2376
0,19810.8801
0,19780.2449
0,19743.1431
0,19753.6079
0,19726.5832
0,19760.3519
0,19760.6072
0,19800.7688
0,19731.8987
0,19711.8629
0,19745.7948
0,19767.8568
0,19773.5256
0,19749.1155
0,19708.7326
0,19734.1135
0,19740.9338
0,19769.834
0,19760.0986
0,19766.0136
0,19741.3735
0,19736.8556
0,19699.1745
0,19686.4793
0,19614.8675
0,19576.4707
0,19594.9306
0,19679.6653
0,19681.2354
0,19652.6788
0,19681.2413
0,19675.3644
0,19663.2985
0,19674.1441
0,19702.7335
0,19692.2605
0,19650.8741
0,19632.8926
0,19623.2796
0,19676.5074
0,19656.8619
0,19630.4621
0,19617.3395
0,19663.1019
0,19800.2715
0,19979.1913
0,19840.283
0,19974.6419
0,19992.7081
0,20001.4217
0,19941.9144
0,19961.3119
0,19938.342
0,19948.0224
0,20009.5918
0,20060.8912
0,20169.2669
0,20183.9952
0,20171.0664
0,20160.819
0,20125.3136
0,20148.8442
0,20086.3481
0,20116.6114
0,20107.1087
0,20102.9961
0,20058.6582
0,20039.8146
0,20052.6376
0,20057.4882
0,20100.5822
0,20126.3221
0,20130.4116
0,20141.4568
0,20129.3162
0,20105.3005
0,20092.9867
0,20065.777
0,20080.804
0,20074.5084
0,20060.8156
0,20100.6868
0,20096.4489
0,20080.9184
0,20058.3854
0,20070.4072
0,20061.6856
0,20055.6998
0,20095.7647
0,20160.6019
0,20257.904
0,20209.6022
0,20181.9088
0,20135.4576
0,20153.742
0,20141.431
0,20161.2874
0,20148.3445
0,20135.9568
0,20150.4479
0,20170.5882
0,20162.0153
0,20148.9522
0,20179.8346
0,20222.1759
0,20191.4177
0,20209.4935
0,20386.3763
0,20339.8144
0,20324.5735
0,20374.5191
0,20351.3622
0,20389.2453
0,20370.4673
0,20406.9425
0,20476.7449
0,20295.1409
0,20333.6739
0,20244.5289
0,20218.1063
0,20160.2918
0,20154.0158
0,20229.2026
0,20210.569
0,20217.492
0,20206.8203
0,20221.2586
0,20196.7472
0,20194.6499
0,20278.2749
0,20299.077
0,20283.2329
0,20257.119
0,20273.1386
0,20348.6544
0,20389.4098
0,20329.7915
0,20364.5562
0,20357.2794
0,20359.9637
0,20367.434
0,20348.3609
0,20340.1564
0,20377.5581
0,20365.7242
0,20294.0112
0,20286.1222
0,20284.1919
0,20331.0564
0,20304.423
0,20303.1503
0,20302.6961
0,20292.9825
0,20307.4016
0,20332.6899
0,20336.1173
0,20337.6202
0,20332.6173
0,20367.4446
0,20349.1948
0,20358.2765
0,20328.4037
0,20234.3266
0,20253.4779
0,20210.6865
0,20224.6419
0,20264.5771
0,20271.1602
0,20283.4634
0,20218.9766
0,20198.1054
0,20210.5223
0,20254.701
0,20276.1011
0,20254.538
0,20253.8643
0,20230.5738
0,20238.4299
0,20256.1104
0,20266.7028
0,20276.7884
0,20331.3136
0,20334.5489
0,20351.0953
0,20376.144
0,20373.6219
0,20311.1393
0,20334.0517
0,20330.7433
0,20310.7082
0,20238.776
0,20258.6844
0,20239.8551
0,20270.0233
0,20235.1916
0,20143.2751
0,20186.5499
0,20163.7474
0,20184.586
0,20179.5931
0,20182.5831
0,20169.4118
0,20147.5431
0,20253.4593
0,20249.0555
0,20173.5759
0,20214.8565
0,20192.7917
0,20151.9655
0,20165.251
0,20149.5928
0,20174.1816
0,20185.1198
0,20203.6218
0,20205.6435
0,20182.3945
0,20166.814
0,20115.5426
0,20128.9674
0,20119.0467
0,20103.9663
0,20091.7034
0,20078.4593
0,20064.337
0,20088.8796
0,20120.6175
0,20126.0828
0,20127.3129
0,20152.4046
0,20148.7184
0,20143.9977
0,20140.5234
0,20145.3217
0,20150.7461
0,20124.0907
0,20134.4867
0,20170.4961
0,20159.2547
0,20163.7969
0,20156.8467
0,20157.8583
0,20141.3476
0,20103.8385
0,20024.3971
0,20010.671
0,20034.5078
0,20051.502
0,20061.3236
0,20087.1024
0,20085.1253
0,20092.2079
0,20016.2425
0,20001.2209
0,19945.7972
0,19962.218
0,19991.6949
0,19995.5282
0,20019.4608
0,20060.3479
0,20034.5168
0,20014.0058
0,20005.5149
0,19974.5144
0,19942.4195
0,19974.6981
0,19972.9885
0,19957.6348
0,19985.8779
0,19999.0673
0,19980.8387
0,19990.9364
0,19960.8947
0,19972.4052
0,19960.0575
0,19985.291
0,20017.045
0,20186.8587
0,20257.5788
0,20211.2028
0,20222.6809
0,20206.6445
0,20235.9502
0,20221.1266
0,20203.1839
0,20209.7031
0,20157.6994
0,20187.765
0,20171.9828
0,20211.4432
0,20106.5826
0,19818.2794
0,19831.1907
0,19804.4264
0,19793.748
0,19815.9415
0,19846.6494
0,19851.6207
0,19874.0042
0,19932.0738
0,19831.9216
0,19857.1567
0,19885.4749
0,19845.3628
0,19827.0975
0,19857.9562
0,19916.7673
0,19926.965
0,19874.3311
0,19874.3404
0,19884.9109
0,19891.7213
0,19855.0692
0,19868.065
0,19885.1713
0,19905.296
0,19884.1249
0,19876.8116
0,19882.0614
0,19877.9342
0,19847.233
0,19939.7325
0,19911.3916
0,19940.9789
0,19949.8615
0,19938.8113
0,19947.1196
0,19969.203
0,19931.4768
0,19920.0152
0,20007.1047
0,19996.9773
0,19953.2028
0,19969.8844
0,19961.1183
0,19987.7761
0,19985.8772
0,20052.6461
0,20067.0375
0,20082.4539
0,20093.7664
0,20087.8796
0,20056.4459
0,20055.6178
0,20097.7003
0,20051.5084
0,20060.3917
0,20048.2173
0,20043.8767
0,20047.7243
0,20050.5524
0,20080.2564
0,20046.6386
0,20069.9292
0,20092.0874
0,20058.0069
0,20008.7478
0,20015.7117
0,19958.9589
0,20012.2244
0,20031.6406
0,20010.3962
0,19875.728
0,19862.8077
0,19931.7512
0,19915.5411
0,19919.6209
0,19952.0736
0,19959.4268
0,19929.2381
0,19883.7406
0,19917.319
0,19917.1164
0,19926.6276
0,19881.6128
0,19908.0341
0,19901.6729
0,19889.5955
0,19907.9783
0,19911.2385
0,19911.9892
0,19910.4644
0,19945.7275
0,19935.8354
0,19939.8291
0,19915.6672
0,19915.2041
0,19917.8121
0,19948.8834
0,19947.3701
0,19938.937
0,19948.7686
0,19932.0913
0,19956.1366
0,19917.4603
0,19933.4271
0,19931.7274
0,19931.774
0,19947.6524
0,19955.0903
0,19969.0704
0,19950.1877
0,19939.0448
0,19975.6461
0,19995.9691
0,19965.1195
0,19999.378
0,20001.88
0,19989.1166
0,19982.3457
0,19952.7554
0,19951.4558
0,19953.3028
0,19940.1668
0,19940.0735
0,19942.7635
0,19955.0562
0,19856.4254
0,19880.5208
0,19914.2591
0,19895.891
0,19902.3542
0,19897.3357
0,19920.9835
0,19976.2733
0,19950.377
0,19939.111
0,19955.9203
0,19888.5122
0,19880.1932
0,19880.2167
0,19872.9297
0,19902.7692
0,19913.2542
0,19934.8697
0,19923.0051
0,19890.415
0,19897.2109
0,19878.2975
0,19871.8006
0,19885.4866
0,19891.2308
0,19891.8924
0,19912.3099
0,19919.0361
0,19907.2385
0,19886.5368
0,19889.4638
0,19892.7983
0,19876.3992
0,19863.3314
0,19918.374
0,19964.9341
0,19978.72
0,19888.5847
0,20039.3064
0,20118.0814
0,19943.0912
0,19935.0064
0,19964.8442
0,19924.1942
0,19721.5667
0,19771.9245
0,19774.0628
0,19647.5576
0,19647.785
0,19670.4241
0,19643.7778
0,19612.6561
0,19616.6519
0,19610.4315
0,19628.6722
0,19606.997
0,19606.8939
0,19587.3885
0,19578.6748
0,19632.3152
0,19628.8934
0,19644.3528
0,19640.8982
0,19683.1912
0,19721.6325
0,19792.3113
0,19769.1317
0,19783.6544
0,19835.4807
0,19830.2266
0,19822.5466
0,19829.7657
0,19828.6466
0,19846.4463
0,19833.8606
0,19809.0973
0,19807.8057
0,19793.0393
0,19811.5169
0,19820.8136
0,19795.4322
0,19789.4437
0,19785.8561
0,19775.1548
0,19772.8977
0,19781.3909
0,19797.5707
0,19779.6338
0,19806.7827
0,19775.7581
0,19806.2197
0,19764.4574
0,19772.099
0,19757.2264
0,19739.6262
0,19712.9799
0,19681.5181
0,19566.2575
0,19634.3031
0,19567.3635
0,19552.7439
0,19597.3044
0,19640.6084
0,19623.6799
0,19713.8661
0,19717.3731
0,19747.9355
0,19734.5747
0,19729.8421
0,19749.6928
0,19748.3905
0,19731.4746
0,19728.4913
0,19766.2451
0,19778.7976
0,19750.9596
0,19713.8971
0,19695.5796
0,19726.2924
0,19686.601
0,19713.312
0,19704.7435
0,19717.4645
0,19706.9569
0,19715.0237
0,19736.1417
0,19710.7976
0,19705.1111
0,19711.9178
0,19717.0224
0,19711.7436
0,19720.3105
0,19723.3221
0,19724.6698
0,19737.5785
0,19716.6419
0,19667.4416
0,19688.3796
0,19690.7202
0,19685.6288
0,19662.589
0,19676.8689
0,19676.9215
0,19771.165
0,19744.2165
0,19744.7052
0,19761.6576
0,19778.1846
0,19795.4696
0,19783.7201
0,19786.5591
0,19807.3941
0,19847.6721
0,19837.5769
0,19878.0907
0,19982.908
0,20092.4997
0,20063.2799
0,20066.2109
0,20071.1468
0,20048.2861
0,20046.6102
0,20069.3384
0,20085.7172
0,20069.5485
0,20094.9938
0,20088.3336
0,20049.0932
0,20052.0156
0,20071.8285
0,20077.7541
0,20050.263
0,20043.293
0,20060.8485
0,20057.3389
0,20092.992
0,20078.084
0,20075.6283
0,20049.1023
0,19977.9496
0,19965.8281
0,20171.5576
0,20274.6067
0,20227.1819
0,20218.2602
0,20456.5945
0,20542.5733
0,20594.8814
0,20600.5179
0,20577.4496
0,20553.522
0,20479.9036
0,20258.3766
0,20260.4563
0,20237.9892
0,20217.7785
0,20149.1445
0,20220.7449
0,20191.6041
0,20221.1961
0,20216.9875
0,20272.8012
0,20408.7674
0,20442.973
0,20412.1541
0,20396.2739
0,20418.314
0,20497.2571
0,20510.0483
0,20519.7722
0,20538.3464
0,20537.159
0,20556.0792
0,20552.613
0,20551.5829
0,20568.3371
0,20608.0386
0,20621.3115
0,20620.7747
0,20634.9948
0,20655.6058
0,20631.858
0,20640.6853
0,20624.2365
0,20582.8631
0,20842.8593
0,20822.1628
0,20850.9918
0,20882.8959
0,20878.6213
0,20914.2561
0,20925.6626
0,20901.5866
0,20880.0006
0,20869.9118
0,20868.0841
0,20869.1248
0,20868.7594
0,20874.015
0,20873.5559
0,20882.8911
0,20857.7535
0,20869.963
0,20864.5706
0,20874.0007
0,20859.9166
0,20866.4609
0,20842.4289
0,20816.7664
0,20782.1364
0,20750.1539
0,20758.3263
0,20760.2563
0,20733.9169
0,20738.3472
0,20759.7732
0,20786.4541
0,20773.2494
0,20770.2533
0,20829.9778
0,20857.9779
0,20846.1859
0,20870.6698
0,20848.5301
0,20799.585
0,20787.4838
0,20782.6036
0,20742.4189
0,20743.0584
0,20741.7821
0,20766.2707
0,20746.8167
0,20714.1949
0,20753.8875
0,20765.668
0,20809.8506
0,20766.9603
0,20774.7978
0,20786.7395
0,20782.3827
0,20780.7765
0,20747.3788
0,20786.692
0,20768.5668
0,20789.8798
0,20779.6785
0,20763.0875
0,20753.1649
0,20722.839
0,20754.3828
0,20774.9746
0,20792.781
0,20767.4311
0,20798.2516
0,20787.4227
0,20795.7777
0,20812.8626
0,20817.5512
0,20791.8585
0,20793.9355
0,20806.2957
0,20787.0989
0,20783.7404
0,20798.338
0,20762.5864
0,20765.3523
0,20746.5982
0,20730.9833
0,20745.7581
0,20770.8205
0,20791.3672
0,20769.5558
0,20702.7052
0,20695.7544
0,20704.0598
0,20703.585
0,20684.7684
0,20702.8211
0,20693.882
0,20685.0051
0,20670.1423
0,20641.6708
0,20614.5309
0,20645.3922
0,20635.6302
0,20635.563
0,20622.6486
0,20647.6343
0,20623.8734
0,20658.471
0,20657.3387
0,20663.3523
0,20651.4528
0,20664.1901
0,20761.4302
0,20691.4905
0,20707.9643
0,20710.8257
0,20698.8021
0,20681.5395
0,20683.931
0,20684.2888
0,20692.5962
0,20689.7986
0,20663.0698
0,20631.1787
0,20668.1483
0,20680.4213
0,20676.3502
0,20662.5851
0,20643.1954
0,20654.7069
0,20665.0048
0,20653.4352
0,20644.3749
0,20644.2438
0,20647.4506
0,20660.9483
0,20664.9341
0,20689.1804
0,20707.8551
0,20708.2981
0,20652.6114
0,20681.6702
0,20723.1891
0,20714.923
0,20704.5137
0,20713.343
0,20711.7647
0,20690.5019
0,20701.6408
0,20691.0563
0,20705.0365
0,20692.9727
0,20700.5435
0,20697.1459
0,20688.8085
0,20668.2614
0,20671.1088
0,20663.8817
0,20665.0393
0,20647.2545
0,20664.8924
0,20651.7845
0,20657.7463
0,20632.0348
0,20586.4
0,20562.8375
0,20587.2249
0,20570.656
0,20577.3037
0,20411.4741
0,20408.5227
0,20400.2538
0,20388.2053
0,20356.9059
0,20383.9072
0,20462.3232
0,20378.279
0,20369.5642
0,20324.6171
0,20343.1144
0,20342.5868
0,20327.7647
0,20352.0159
0,20329.6399
0,20325.4051
0,20334.4463
0,20363.9629
0,20332.3688
0,20298.9243
0,20250.5345
0,20272.7766
0,20188.907
0,20136.073
0,20088.0068
0,20127.5865
0,20143.7438
0,20162.9137
0,20138.3646
0,20175.0499
0,20132.8787
0,20185.7597
0,20243.7916
0,20237.962
0,20210.2045
0,20241.2927
0,20216.5505
0,20232.9413
0,20204.3219
0,20231.5397
0,20186.2681
0,20198.2044
0,20220.5774
0,20185.0782
0,20161.1493
0,20183.3222
0,20137.4991
0,20145.9722
0,20179.6119
0,20179.0514
0,20176.6615
0,20189.7108
0,20255.1509
0,20203.2598
0,20182.4262
0,20159.6287
0,20150.3154
0,20155.8236
0,20151.9808
0,20135.9119
0,20156.3345
0,20148.108
0,20152.6918
0,20163.2906
0,20183.4715
0,20218.3076
0,20231.4139
0,20293.5681
0,20306.115
0,20334.4101
0,20305.6774
0,20275.766
0,20277.7009
0,20265.5574
0,20208.4008
0,20151.2232
0,20110.6639
0,20000.8508
0,19970.172
0,19944.7535
0,19963.102
0,20026.5234
0,20035.264
0,20043.85
0,20029.5898
0,20004.5922
0,20072.9036
0,20142.8217
0,19990.4907
0,19855.0496
0,19561.5904
0,19216.2094
0,19191.6672
0,19077.3642
0,18925.4438
0,19174.5469
0,19171.4929
0,19188.3562
0,19246.3321
0,19284.3129
0,19306.8835
0,19286.607
0,19251.9842
0,19261.4213
0,19302.3515
0,19284.9316
0,19184.8065
0,19266.3986
0,19228.8835
0,19236.6179
0,19246.3082
0,19289.573
0,518560.4878
0,19245.8109
0,19209.0267
0,19211.1154
0,19204.1307
0,19142.6329
0,19201.5152
0,19167.2895
0,19189.4539
0,19216.9774
0,19201.7815
0,19190.2785
0,19192.0716
0,19144.3597
0,19114.4886
0,19029.7437
0,18902.7634
0,18845.1029
0,18872.3902
0,18824.7076
0,18813.2315
0,18863.2271
0,19237.7317
0,19633.3645
0,19971.821
0,19658.6006
0,19285.2081
0,19300.7544
0,19261.075
0,18861.2932
0,18338.5375
0,18261.5678
0,18195.7283
0,18045.2447
0,17486.6888
0,17705.3223
0,17964.9431
0,17926.8914
0,17733.4421
0,17817.3311
0,17964.5101
0,17813.9968
0,17870.1333
0,17892.8656
0,18065.192
0,18147.5957
0,18187.3632
0,18095.721
0,18024.43
0,18046.5207
0,17964.3495
0,18103.7188
0,18087.9008
0,18082.7979
0,17955.0251
0,18023.0347
0,17789.9226
0,17715.1978
0,17835.7361
0,17871.9429
0,17795.6024
0,17740.2479
0,17943.0406
0,18009.3371
0,17961.8092
0,17920.7678
0,17912.8231
0,17869.9887
0,17872.0344
0,17839.2501
0,17830.7873
0,17783.166
0,17692.399
0,17617.7244
0,17611.4412
0,17663.1647
0,17645.5146
0,17545.9646
0,17468.2954
0,17303.905
0,17275.469
0,17010.1626
0,17118.5685
0,17273.523
0,17147.5707
0,17369.8444
0,17254.247
0,17220.0504
0,17345.3347
0,17257.6686
0,17392.5431
0,16975.7248
0,17131.6832
0,17166.271
0,17125.1029
0,17036.1091
0,17294.7569
0,17281.3612
0,17268.777
0,16619.7966
0,16798.9294
0,16725.8999
0,16554.7563
0,16710.5758
0,16635.3911
0,16652.3499
0,16525.6728
0,16563.5293
0,16592.1757
0,16489.4378
0,16301.4529
0,16169.7805
0,16287.0935
0,16387.4555
0,16407.4875
0,16420.2565
0,16478.502
0,16356.3957
0,16308.9946
0,16439.5109
0,15846.0339
0,15640.8609
0,15598.6907
0,15718.2948
0,15522.1513
0,15413.6637
0,15551.5339
0,15453.1051
0,15510.8728
0,15282.1123
0,15264.4488
0,15235.2029
0,15425.6732
0,15613.0755
0,15726.6485
0,15778.7305
0,15680.0827
0,16019.3124
0,15992.8764
0,15957.7099
0,15860.3199
0,16208.7277
0,16144.4517
0,16208.9476
0,16161.2223
0,16304.2124
0,16219.9525
0,16354.4914
0,16287.4511
0,16281.0855
0,16231.071
0,16391.0839
0,16290.674
0,16287.6723
0,16054.2464
0,16293.72
0,16485.9338
0,16332.2267
0,16291.8402
0,16231.5925
0,16289.1407
0,16252.7414
0,16122.9189
0,15966.8437
0,15957.2837
0,15904.2122
0,15817.9857
0,15947.8276
0,15965.5709
0,16013.2833
0,15882.2216
0,16001.407
0,16092.2095
0,16711.311
0,16937.9383
0,17035.2037
0,16969.2685
0,17231.3386
0,17222.8081
0,16919.3827
0,16960.5451
0,17043.8093
0,17288.9494
0,17431.5281
0,17369.5351
0,17243.9384
0,17314.1481
0,16990.155
0,16748.1574
0,16868.2208
0,16831.149
0,16835.2064
0,16869.8912
0,16937.9331
0,16804.8914
0,16895.4961
0,16869.3428
0,16938.2495
0,16986.9877
0,16968.9094
0,17026.0547
0,17511.2004
0,17464.8239
0,17398.7635
0,17412.8086
0,17352.062
0,17296.5877
0,17277.0457
0,17363.2928
0,17346.2537
0,17038.8101
0,17135.9994
0,17051.6315
0,17002.5452
0,17098.6817
0,16953.566
0,16736.443
0,16642.3876
0,16549.4629
0,16681.7992
0,16620.5966
0,16580.2064
0,16672.6954
0,16673.727
0,16747.4788
0,16856.7116
0,16893.1891
0,16729.9182
0,16755.5335
0,16801.6526
0,16797.1987
0,16903.8742
0,16908.8492
0,16937.5389
0,16929.9716
0,16879.4635
0,16928.1867
0,16947.0194
0,16900.953
0,16870.3994
0,16943.3553
0,16908.348
0,16933.4807
0,16806.3087
0,16826.5746
0,16853.1119
0,16846.7866
0,16908.6585
0,16906.5655
0,16845.2454
0,16879.8648
0,16810.0775
0,16814.2781
0,16997.7041
0,16929.2885
0,16674.285
0,16120.5986
0,16159.6386
0,16745.2997
0,16468.5824
0,16470.4965
0,16344.9104
0,16417.8783
0,16401.1016
0,16244.2972
0,16292.7782
0,16340.3682
0,16369.8014
0,16393.2339
0,16313.4406
0,16358.0281
0,16504.3134
0,16506.4433
0,16440.3668
0,16394.7227
0,16258.9427
0,16357.1931
0,16336.3593
0,16281.0559
0,16335.5979
0,16261.6539
0,16250.0935
0,16210.0118
0,16242.6978
0,16405.2383
0,16357.6062
0,16346.1871
0,16348.1603
0,16423.329
0,16412.5548
0,16460.4591
0,16474.7561
0,16423.045
0,16423.6091
0,16519.8515
0,16486.8967
0,16448.1367
0,16401.7519
0,16507.2716
0,16416.5134
0,16437.3411
0,16455.1399
0,16384.4154
0,16352.1524
0,16351.986
0,16306.1403
0,16300.4634
0,16244.2023
0,16231.465
0,16275.6248
0,16313.6629
0,16318.6208
0,16305.0876
0,16332.5336
0,16371.0446
0,16332.8926
0,16335.2418
0,16346.607
0,16300.6631
0,16387.5627
0,16376.3338
0,16354.7684
0,16402.7871
0,16399.2761
0,16418.2994
0,16368.5814
0,16442.6244
0,16446.4601
0,16393.2825
0,16388.1083
0,16366.3634
0,16364.7137
0,16371.9227
0,16429.0005
0,16397.1461
0,16409.5955
0,16353.725
0,16364.1948
0,16354.6464
0,16367.187
0,16344.4427
0,16418.9382
0,16429.8996
0,16436.9853
0,16437.2241
0,16488.9502
0,16455.772
0,16460.9116
0,16454.4023
0,16429.4329
0,16430.1509
0,16417.6816
0,16398.1128
0,16431.4619
0,16437.1882
0,16442.5857
0,16435.5622
0,16393.6116
0,16386.0483
0,16410.9797
0,16403.3937
0,16400.4658
0,16420.3728
0,16403.6996
0,16421.9213
0,16403.9833
0,16368.0427
0,16339.3475
0,16363.8904
0,16379.2636
0,16357.8484
0,16358.8827
0,16354.4071
0,16379.8069
0,16370.5818
0,16379.2827
0,16374.5888
0,16369.5385
0,16314.9349
0,16337.2633
0,16364.6717
0,16387.7883
0,16398.2636
0,16414.9788
0,16445.5974
0,16444.0574
0,16454.111
0,16434.876
0,16417.8125
0,16399.9694
0,16397.7818
0,16367.305
0,16395.0097
0,16393.0684
0,16379.2337
0,16392.0457
0,16355.4478
0,16252.0108
0,16250.5715
0,16262.0084
0,16282.4286
0,16319.5023
0,16253.837
0,16267.9913
0,16236.7467
0,16171.9695
0,16087.5085
0,16069.6718
0,16099.527
0,16098.3115
0,16098.6111
0,16127.2586
0,16127.6009
0,16119.3371
0,16107.3378
0,16197.401
0,16201.5717
0,16191.4547
0,16135.1797
0,16141.6604
0,16160.4183
0,16151.439
0,16235.4423
0,16198.3953
0,16221.3839
0,16199.6868
0,16184.5592
0,16181.5435
0,16176.0137
0,16099.2785
0,16091.5554
0,16131.4487
0,16102.3258
0,16090.4986
0,16092.073
0,16140.2051
0,16054.3995
0,16056.5971
0,16094.3682
0,16094.3857
0,16066.4657
0,16037.5426
0,16061.9298
0,16082.6676
0,16066.3069
0,16109.8112
0,16109.6905
0,16088.7011
0,16103.8031
0,16098.4491
0,16065.4035
0,15839.1033
0,15907.9807
0,15940.0361
0,15988.1717
0,15902.0228
0,15959.6515
0,15993.5934
0,16018.8994
0,15984.2231
0,15953.9999
0,15908.7715
0,15892.2969
0,15921.8521
0,15788.1208
0,15720.9831
0,15625.3222
0,15694.1803
0,15722.7853
0,15539.9552
0,15493.227
0,15570.1371
0,15565.578
0,15520.2275
0,15451.6937
0,15472.3044
0,15515.8897
0,15547.4575
0,16006.6878
0,16109.0089
0,16006.0909
0,16260.8097
0,16305.3448
0,16420.5998
0,16359.1574
0,16287.6751
0,16317.0483
0,16257.1664
0,16237.1459
0,16276.7895
0,16313.9041
0,16310.7218
0,16303.8677
0,16365.3179
0,16326.1368
0,16333.7934
0,16354.4227
0,16313.6692
0,16322.1195
0,16259.3012
0,16265.3171
0,16344.591
0,16526.5625
0,16605.4206
0,16334.8014
0,16203.3292
0,16103.122
0,16111.5763
0,16172.8859
0,16117.4073
0,16079.0805
0,16091.2313
0,16140.82
0,15985.5665
0,16033.0931
0,16034.1738
0,16069.588
0,16121.0634
0,16130.0283
0,16143.8514
0,16120.2246
0,16180.1228
0,16161.6637
0,16160.6
0,16072.9719
0,16071.8823
0,15934.798
0,15863.1158
0,15868.4536
0,15863.3011
0,15822.6408
0,15866.4846
0,15916.708
0,15933.5519
0,15926.9292
0,15995.8973
0,15965.8685
0,15930.6157
0,15994.5695
0,16019.8184
0,16226.8512
0,16258.4637
0,16218.7697
0,16160.9441
0,16170.1734
0,16194.8956
0,16289.1064
0,16329.4967
0,16399.9292
0,16355.3986
0,16368.4986
0,16326.4233
0,16338.7447
0,16327.4715
0,16328.9645
0,16324.057
0,16273.0305
0,16229.8567
0,16243.7683
0,16268.4534
0,16269.5105
0,16248.3402
0,16299.7519
0,16440.3063
0,16342.3758
0,16370.9992
0,16343.3722
0,16470.7543
0,16455.3202
0,16446.8049
0,16460.827
0,16467.4817
0,16364.8787
0,16337.9675
0,16382.8416
0,16350.2777
0,16320.6585
0,16381.2022
0,16472.4014
0,16290.7876
0,16338.5345
0,16348.4557
0,16304.0485
0,16395.7452
0,16431.1452
0,16421.6269
0,16538.0361
0,16502.7068
0,16505.2872
0,16469.9215
0,16516.2529
0,16411.248
0,16515.6821
0,16512.8804
0,16559.4256
0,16606.3816
0,16528.334
0,16583.1809
0,16541.9313
0,16516.3188
0,16547.1584
0,16570.4525
0,16582.0849
0,16558.0065
0,16516.4956
0,16444.8505
0,16309.5828
0,16297.5716
0,16225.074
0,16363.8079
0,16363.8691
0,16347.0678
0,16427.951
0,16331.6066
0,16287.9882
0,16342.9601
0,16399.9638
0,16368.1491
0,16405.6237
0,16407.8279
0,16442.2855
0,16421.7912
0,16428.4918
0,16430.592
0,16397.572
0,16432.5252
0,16406.576
0,16434.273
0,16403.8379
0,16373.5989
0,16351.1566
0,16426.3645
0,16463.0189
0,16496.3236
0,16514.6969
0,16505.9459
0,16456.9222
0,16462.2546
0,16474.3723
0,16452.3489
0,16465.2131
0,16461.7893
0,16467.8175
0,16458.2501
0,16372.2047
0,16354.3141
0,16390.6235
0,16430.5403
0,16408.29
0,16411.4476
0,16408.0543
0,16349.9186
0,16356.9752
0,16292.7105
0,16317.2096
0,16319.5002
0,16312.1302
0,16259.3927
0,16299.4426
0,16316.1727
0,16262.7589
0,16255.3841
0,16267.0528
0,16299.1594
0,16313.3963
0,16310.574
0,16277.5267
0,16233.5351
0,16221.0167
0,16229.8974
0,16133.3069
0,16134.1908
0,16087.7946
0,16055.4911
0,16075.6514
0,16113.5546
0,16078.9057
0,16059.9683
0,16048.0399
0,16093.4947
0,15963.1061
0,16003.3153
0,16016.8459
0,16048.7448
0,16062.5139
0,16068.7532
0,16080.3141
0,16095.1443
0,16157.019
0,16143.4852
0,16157.2998
0,16124.1169
0,16111.2093
0,16105.9066
0,16060.5413
0,16076.4919
0,16102.9167
0,16090.7168
0,16083.7169
0,16089.5332
0,16120.3103
0,16139.5835
0,16106.2978
0,16106.9435
0,16109.1285
0,16107.7897
0,16075.1541
0,16084.1952
0,16092.4155
0,16289.2936
0,16222.4754
0,16252.7429
0,16201.852
0,16216.5187
0,16255.3374
0,16248.3003
0,16218.5458
0,16147.9052
0,16143.739
0,16098.9659
0,16000.1936
0,16038.83
0,16059.2679
0,16078.6536
0,16104.406
0,16113.7172
0,16109.6812
0,16114.4321
0,16131.1322
0,16167.1009
0,16137.1082
0,16109.1986
0,16146.5696
0,16106.8739
0,16132.9951
0,16154.952
0,16184.8931
0,16135.2848
0,16161.0498
0,16145.6033
0,16134.0989
0,16116.4513
0,16073.1588
0,16096.051
0,16078.0906
0,16101.4923
0,16083.155
0,16115.7885
0,16111.8765
0,16139.2158
0,16129.5979
0,16139.33
0,16141.0767
0,16125.3881
0,16127.1881
0,16084.9326
0,16066.508
0,16037.6145
0,16072.9806
0,16044.2706
0,16053.1798
0,16080.9143
0,16063.6115
0,16243.7715
0,16173.5871
0,16157.9483
0,16095.176
0,16132.3192
0,16188.7804
0,16198.61
0,16221.5137
0,16191.3608
0,16178.4056
0,16184.5797
0,16253.5174
0,16248.6201
0,16263.4047
0,16254.3004
0,16233.1738
0,16213.6049
0,16217.1792
0,16211.6638
0,16197.6019
0,16201.814
0,16206.4851
0,16243.2158
0,16250.4534
0,16283.8054
0,16247.3519
0,16250.5615
0,16241.4757
0,16267.4607
0,16239.3325
0,16240.5324
0,16243.3342
0,16239.5213
0,16231.1954
0,16246.908
0,16409.5331
0,16439.024
0,16422.4701
0,16424.8198
0,16476.3038
0,16462.0549
0,16415.6911
0,16392.5457
0,16370.8683
0,16369.4865
0,16385.1196
0,16372.192
0,16386.824
0,16354.0233
0,16343.9229
0,16366.0613
0,16325.9679
0,16329.7531
0,16346.6069
0,16341.1995
0,16322.6261
0,16309.3314
0,16291.2221
0,16257.392
0,16284.0208
0,16295.3381
0,16285.7941
0,16294.395
0,16293.2904
0,16286.7145
0,16265.7631
0,16293.5167
0,16338.3735
0,16357.5536
0,16052.2315
0,16066.5487
0,16056.4958
0,16048.3363
0,16051.6603
0,16041.2487
0,16011.5417
0,16016.0985
0,16017.036
0,16009.3021
0,15978.4581
0,16034.6489
0,16021.3143
0,16008.704
0,16012.4056
0,16038.5461
0,16105.9673
0,16081.9717
0,16075.791
0,16032.0842
0,15999.1128
0,16004.687
0,16041.2339
0,16033.0907
0,16035.2303
0,16038.8321
0,16028.9285
0,16041.0652
0,16062.2501
0,16027.5766
0,16043.1222
0,16030.6464
0,16048.8175
0,16036.8852
0,16017.2471
0,16035.8814
0,16026.2817
0,16032.6198
0,15990.3165
0,15990.3681
0,15993.1508
0,16004.1343
0,16001.6605
0,15984.9828
0,15988.3955
0,15856.3497
0,15903.4946
0,15931.404
0,15904.261
0,15912.3829
0,15999.4818
0,15984.9972
0,15975.6189
0,15980.2713
0,15974.0857
0,15968.9754
0,15976.4952
0,15987.5826
0,15986.499
0,16005.3589
0,16004.1182
0,15996.761
0,15999.121
0,15976.0745
0,15975.6525
0,15994.8507
0,16009.0784
0,16017.1458
0,16019.3099
0,16002.9992
0,16059.4007
0,16055.7021
0,16027.2892
0,16034.4832
0,16034.5064
0,16054.9237
0,16061.8297
0,16077.4811
0,16030.295
0,16031.2116
0,16053.8235
0,16076.7274
0,16091.2141
0,16105.2241
0,16104.9665
0,16092.5329
0,16081.8715
0,16115.1541
0,16037.0232
0,16035.433
0,16049.9928
0,16014.5638
0,15993.5259
0,15936.7718
0,15887.4075
0,15943.8594
0,15934.6665
0,15913.788
0,15926.8677
0,15939.6547
0,15897.2131
0,15901.6693
0,15913.3191
0,15879.1235
0,15933.6963
0,15932.0338
0,15929.7657
0,15950.7913
0,15913.2301
0,15895.1835
0,15905.393
0,15897.2365
0,15893.0012
0,15915.6051
0,15919.6216
0,15896.0061
0,15913.2924
0,15932.917
0,15962.624
0,15938.0417
0,15931.2469
0,15918.7073
0,15921.0672
0,15913.0791
0,15911.6871
0,15914.1248
0,15923.5317
0,15890.967
0,15919.131
0,15916.6307
0,15898.4839
0,15892.7065
0,15877.7651
0,15860.7644
0,15881.5978
0,15863.396
0,15870.9797
0,15874.8153
0,15896.4648
0,15891.3886
0,15871.1628
0,15862.3166
0,15872.1617
0,15858.127
0,15863.3868
0,15866.6759
0,15854.4723
0,15822.7573
0,15670.9295
0,15708.5828
0,15802.2223
0,15854.1219
0,15919.9547
0,15844.4583
0,15861.6604
0,15887.6181
0,15914.4798
0,15911.7748
0,15981.9686
0,15977.8392
0,16017.1779
0,15977.4175
0,16024.3381
0,16004.5774
0,16044.7371
0,15998.4656
0,15985.7582
0,15984.2063
0,16011.1335
0,16003.8796
0,16065.9507
0,16056.0964
0,16024.6783
0,16018.6163
0,16021.4943
0,16022.2678
0,16003.4389
0,16002.8507
0,16011.0193
0,16013.8806
0,16026.2066
0,16012.5497
0,16025.4147
0,16035.1617
0,16025.3424
0,16026.4621
0,16016.886
0,16015.1587
0,16016.9831
0,16009.7243
0,16006.1508
0,15990.9922
0,16004.9495
0,16002.7301
0,16006.4942
0,16001.5905
0,16001.586
0,15996.0253
0,15996.42
0,15992.5584
0,16003.0859
0,16004.9612
0,16007.2313
0,16011.7032
0,16020.4974
0,16018.3282
0,16011.1138
0,16007.1308
0,16003.0714
0,16007.7732
0,16017.8459
0,16007.9738
0,15998.1796
0,15998.8954
0,16009.5171
0,16012.4605
0,16027.006
0,16017.7011
0,16018.9057
0,16029.7547
0,16023.6251
0,16013.2084
0,16018.9391
0,16063.1569
0,16050.5637
0,16070.364
0,16061.1265
0,16068.0008
0,16064.3543
0,16082.9639
0,16068.3346
0,16056.7983
0,16061.0977
0,16072.5418
0,16048.4181
0,16022.9532
0,16039.9682
0,16033.8501
0,16025.6165
0,16016.2752
0,16001.0226
0,16007.2973
0,16017.8806
0,16025.2369
0,16017.2394
0,16028.5475
0,16027.905
0,16031.6149
0,16030.426
0,16027.7366
0,16032.5504
0,16055.4856
0,16059.0991
0,16048.6591
0,16052.3341
0,16057.2843
0,16046.2395
0,16038.7177
0,16043.2377
0,16033.3189
0,16041.3786
0,16045.0259
0,16041.9409
0,16048.2271
0,16046.1274
0,16036.2033
0,16022.6967
0,16043.4444
0,16042.4004
0,16056.9955
0,16038.2775
0,16033.8638
0,16027.7639
0,16032.6848
0,16024.2771
0,16021.7585
0,16018.0854
0,16004.1347
0,16004.6906
0,16012.6483
0,16005.631
0,16020.9894
0,16023.8458
0,16029.9189
0,16032.7663
0,16029.6875
0,16029.6196
0,16029.2271
0,16031.9601
0,16025.54
0,16021.5138
0,16017.153
0,16016.6243
0,15996.4898
0,15999.2766
0,16003.2832
0,16003.525
0,15943.9472
0,15982.8945
0,16021.0924
0,16007.0344
0,16031.5533
0,16034.8038
0,16032.2273
0,16036.5806
0,16048.5699
0,16029.4296
0,16035.4723
0,16032.0027
0,16039.6665
0,16026.7572
0,16035.4906
0,16024.3559
0,16043.8859
0,16067.6403
0,16238.7305
0,16236.8906
0,16277.9637
0,16263.8753
0,16248.306
0,16263.128
0,16276.5117
0,16277.232
0,16285.6862
0,16284.6701
0,16268.5301
0,16254.6473
0,16290.6174
0,16296.9168
0,16339.9313
0,16274.3607
0,16282.2042
0,16383.4422
0,16364.7092
0,16418.4279
0,16385.3715
0,16369.3683
0,16353.5042
0,16356.5148
0,16332.0038
0,16362.9087
0,16313.9609
0,16231.7048
0,16209.9824
0,16142.1328
0,16148.9028
0,16141.7999
0,16149.431
0,16165.2253
0,16149.1457
0,16112.7851
0,16153.1786
0,16159.454
0,16161.6323
0,16148.4947
0,16162.6525
0,16183.878
0,16196.1372
0,16235.1304
0,16204.4483
0,16215.1644
0,16201.6103
0,16198.5602
0,16229.6571
0,16234.1656
0,16206.496
0,16193.5528
0,16168.4525
0,16168.0452
0,16145.3069
0,16093.0978
0,16050.1149
0,16108.9902
0,16097.5491
0,16099.7949
0,16120.6862
0,16131.8101
0,16127.3419
0,16130.418
0,16115.8515
0,16099.4304
0,16083.9908
0,16122.4562
0,16129.0852
0,16149.3505
0,16157.6162
0,16187.2045
0,16181.8467
0,16171.0433
0,16159.1924
0,16157.6758
0,16140.0929
0,16184.0122
0,16194.1028
0,16160.1712
0,16166.0501
0,16178.8006
0,16152.1371
0,16142.2849
0,16162.2428
0,16170.0568
0,16162.0632
0,16141.3735
0,16152.4653
0,16155.6963
0,16147.1419
0,16112.5045
0,16124.7011
0,16138.4798
0,16171.328
0,16160.3194
0,16140.3776
0,16161.8311
0,16165.8051
0,16146.4965
0,16123.7306
0,16136.4772
0,16131.6915
0,16116.9738
0,16127.6449
0,16107.6168
0,16101.4097
0,16093.4355
0,16098.8812
0,16098.0504
0,16113.0736
0,16121.8128
0,16118.7033
0,16116.2361
0,16144.8453
0,16135.6982
0,16123.085
0,16118.9751
0,16126.1414
0,16174.9645
0,16246.5853
0,16240.9234
0,16232.5474
0,16293.5718
0,16377.3535
0,16410.9742
0,16435.814
0,16501.3614
0,16517.3275
0,16536.3973
0,16712.235
0,16702.205
0,16796.0234
0,17012.1041
0,16993.5058
0,16997.933
0,16891.8012
0,16831.9598
0,16750.9653
0,16815.6484
0,16846.987
0,16849.4953
0,16816.3077
0,16840.7006
0,16867.6133
0,16849.6547
0,16808.589
0,16734.0226
0,16778.9334
0,16768.2959
0,16812.0464
0,16786.7849
0,16804.2216
0,16805.4166
0,16814.857
0,16874.696
0,16874.038
0,16926.2425
0,16918.0504
0,16926.1035
0,16900.9229
0,16847.6893
0,16856.3304
0,16872.202
0,16865.4963
0,16853.7981
0,16881.1212
0,16890.2372
0,16897.7861
0,16908.1613
0,16963.0821
0,16970.3663
0,17028.6383
0,16959.5943
0,17246.7182
0,17292.714
0,17301.1121
0,17227.8776
0,17262.3904
0,17263.6166
0,17226.2396
0,17233.8911
0,17257.5321
0,17269.387
0,17315.6262
0,17265.6142
0,17247.9648
0,17228.9799
0,17196.4464
0,17155.0668
0,17176.1941
0,17157.4582
0,17143.3996
0,17266.5094
0,17396.2254
0,17504.4682
0,17454.297
0,17428.5285
0,17405.0153
0,17453.5147
0,17415.638
0,17446.8195
0,17399.0282
0,17378.8341
0,17340.085
0,17319.3802
0,17314.1806
0,17329.3337
0,17415.916
0,17368.6771
0,17370.7856
0,17297.6293
0,17253.1135
0,17320.2456
0,17331.8053
0,17352.6293
0,17355.3656
0,17320.8738
0,17312.6332
0,17355.1402
0,17327.2985
0,17340.3481
0,17315.6811
0,17342.7841
0,17302.9206
0,17417.3031
0,17423.361
0,17366.4824
0,17419.4176
0,17395.3294
0,17385.4061
0,17367.5948
0,17387.0115
0,17345.7984
0,17313.4794
0,17370.0419
0,17285.6686
0,17351.241
0,17363.2149
0,17391.615
0,17394.7652
0,17400.3899
0,17426.4236
0,17398.0201
0,17388.4758
0,17404.5561
0,17354.7378
0,17351.5436
0,17335.3185
0,17357.6779
0,17318.4859
0,17309.6186
0,17308.4908
0,17306.8828
0,17316.6912
0,17332.4655
0,17294.2668
0,17264.137
0,17257.0352
0,17224.6781
0,17214.8109
0,17235.3813
0,17190.1598
0,17163.2874
0,17185.9262
0,17215.8232
0,17232.1167
0,17180.1972
0,17199.563
0,17242.3767
0,17284.0929
0,17345.1492
0,17227.9914
0,17220.2025
0,17251.1707
0,17177.9565
0,17245.1322
0,17219.7002
0,17222.0859
0,17236.7357
0,17203.0733
0,17211.4116
0,17208.3531
0,17192.4491
0,17194.1143
0,17223.7637
0,17225.4215
0,17228.1174
0,17205.5997
0,17200.1017
0,17208.4408
0,17209.7712
0,17241.5158
0,17255.6265
0,17270.7672
0,17240.2963
0,17162.1623
0,16964.0307
0,17056.8141
0,17073.681
0,17033.5751
0,16996.4809
0,17032.6829
0,17010.1614
0,17046.6009
0,17026.9136
0,16993.154
0,16966.876
0,16935.0513
0,16944.0276
0,16920.8467
0,16949.8124
0,16950.0314
0,16984.4808
0,16925.4061
0,16908.2201
0,16937.3258
0,16956.2499
0,16961.1124
0,16940.1742
0,16905.535
0,16927.306
0,16933.1562
0,16957.9459
0,16949.5952
0,16954.6688
0,16933.5333
0,16929.658
0,16897.3364
0,16886.4468
0,16825.0204
0,16792.0849
0,16807.9192
0,16880.602
0,16881.9488
0,16857.4538
0,16881.9538
0,16876.9128
0,16866.5631
0,16875.866
0,16900.3892
0,16891.4057
0,16855.9058
0,16840.4818
0,16832.2361
0,16877.8932
0,16861.0419
0,16838.397
0,16827.1409
0,16866.3944
0,16984.0542
0,17137.526
0,17018.3748
0,17133.6237
0,17149.1203
0,17156.5945
0,17105.5511
0,17122.1896
0,17102.4868
0,17110.7903
0,17163.6026
0,17207.6056
0,17300.5669
0,17313.2004
0,17302.1105
0,17293.3206
0,17262.8652
0,17283.049
0,17229.4418
0,17255.4007
0,17247.2496
0,17243.7219
0,17205.6902
0,17189.5268
0,17200.526
0,17204.6866
0,17241.6513
0,17263.7302
0,17267.238
0,17276.7123
0,17266.2984
0,17245.6985
0,17235.1361
0,17211.7965
0,17224.6862
0,17219.286
0,17207.5408
0,17241.7411
0,17238.1059
0,17224.7844
0,17205.4563
0,17215.7682
0,17208.2871
0,17203.1526
0,17237.5191
0,17293.1344
0,17376.597
0,17335.1653
0,17311.4108
0,17271.5664
0,17287.2501
0,17276.6902
0,17293.7224
0,17282.6204
0,17271.9946
0,17284.4245
0,17301.7003
0,17294.3467
0,17283.1416
0,17309.6316
0,17345.9506
0,17319.5672
0,17335.072
0,17486.7966
0,17446.8572
0,17433.7841
0,17476.6258
0,17456.7626
0,17489.2576
0,17473.1503
0,17504.4376
0,17564.312
0,17408.5377
0,17441.5901
0,17365.1243
0,17342.4598
0,17292.8683
0,17287.485
0,17351.9779
0,17335.9946
0,17341.9329
0,17332.779
0,17345.1638
0,17324.1387
0,17322.3397
0,17394.0705
0,17411.914
0,17398.3234
0,17375.9237
0,17389.6649
0,17454.4399
0,17489.3986
0,17438.2599
0,17468.08
0,17461.8382
0,17464.1407
0,17470.5485
0,17454.1882
0,17447.1506
0,17479.2326
0,17469.0819
0,17407.5686
0,17400.8017
0,17399.146
0,17439.3449
0,17416.4996
0,17415.4079
0,17415.0183
0,17406.6863
0,17419.0546
0,17440.7461
0,17443.686
0,17444.9751
0,17440.6838
0,17470.5575
0,17454.9034
0,17462.6934
0,17437.0695
0,17356.3731
0,17372.8004
0,17336.0954
0,17348.0658
0,17382.3211
0,17387.9678
0,17398.5211
0,17343.2063
0,17325.3037
0,17335.9545
0,17373.8497
0,17392.206
0,17373.7098
0,17373.1319
0,17353.1541
0,17359.8927
0,17375.0586
0,17384.1444
0,17392.7955
0,17439.5655
0,17442.3407
0,17456.5337
0,17478.0196
0,17475.8562
0,17422.2606
0,17441.9142
0,17439.0763
0,17421.8908
0,17360.1897
0,17377.2664
0,17361.1153
0,17386.9926
0,17357.1151
0,17278.2719
0,17315.3917
0,17295.8324
0,17313.7072
0,17309.4244
0,17311.9892
0,17300.6913
0,17281.9329
0,17372.7845
0,17369.0071
0,17304.263
0,17339.6722
0,17320.7458
0,17285.7263
0,17297.1222
0,17283.6911
0,17304.7826
0,17314.1651
0,17330.0355
0,17331.7697
0,17311.8274
0,17298.4629
0,17254.4839
0,17265.9993
0,17257.4896
0,17244.5541
0,17234.0354
0,17222.675
0,17210.5613
0,17231.6132
0,17258.8369
0,17263.5249
0,17264.5801
0,17286.1029
0,17282.9411
0,17278.8918
0,17275.9117
0,17280.0275
0,17284.6804
0,17261.8162
0,17270.7335
0,17301.6213
0,17291.9787
0,17295.8749
0,17289.9132
0,17290.781
0,17276.6186
0,17244.4445
0,17176.3021
0,17164.5283
0,17184.9748
0,17199.5519
0,17207.9766
0,17230.0888
0,17228.3929
0,17234.4681
0,17169.3074
0,17156.4223
0,17108.8816
0,17122.9669
0,17148.2512
0,17151.5393
0,17172.0679
0,17207.1396
0,17184.9825
0,17167.3888
0,17160.1056
0,17133.5143
0,17105.9843
0,17133.6719
0,17132.2055
0,17119.0355
0,17143.2616
0,17154.575
0,17138.9391
0,17147.6006
0,17121.8318
0,17131.7051
0,17121.1136
0,17142.7581
0,17169.9957
0,17315.6566
0,17376.3182
0,17336.5383
0,17346.3838
0,17332.6283
0,17357.7658
0,17345.0505
0,17329.6599
0,17335.2518
0,17290.6447
0,17316.434
0,17302.8966
0,17336.7444
0,17246.7983
0,16999.5008
0,17010.5757
0,16987.6181
0,16978.4585
0,16997.4954
0,17023.8357
0,17028.0999
0,17047.2998
0,17097.1101
0,17011.2026
0,17032.8486
0,17057.139
0,17022.7321
0,17007.0647
0,17033.5343
0,17083.9806
0,17092.7279
0,17047.5802
0,17047.5882
0,17056.6552
0,17062.497
0,17031.0579
0,17042.2054
0,17056.8786
0,17074.141
0,17055.981
0,17049.7079
0,17054.211
0,17050.6708
0,17024.3363
0,17103.6795
0,17079.3696
0,17104.7486
0,17112.3679
0,17102.8894
0,17110.0159
0,17128.9584
0,17096.598
0,17086.7666
0,17161.4692
0,17152.7823
0,17115.2339
0,17129.5429
0,17122.0236
0,17144.8898
0,17143.261
0,17200.5333
0,17212.8778
0,17226.1014
0,17235.8049
0,17230.7554
0,17203.7926
0,17203.0823
0,17239.1794
0,17199.5574
0,17207.1772
0,17196.7344
0,17193.0111
0,17196.3115
0,17198.7373
0,17224.2165
0,17195.3802
0,17215.3581
0,17234.3648
0,17205.1315
0,17162.8787
0,17168.852
0,17120.1713
0,17165.8608
0,17182.5154
0,17164.2926
0,17048.7784
0,17037.6958
0,17096.8334
0,17082.9288
0,17086.4284
0,17114.2653
0,17120.5727
0,17094.6777
0,17055.6513
0,17084.4539
0,17084.2801
0,17092.4385
0,17053.8262
0,17076.4896
0,17071.0332
0,17060.6735
0,17076.4417
0,17079.2382
0,17079.8821
0,17078.5743
0,17108.8218
0,17100.3367
0,17103.7624
0,17083.037
0,17082.6398
0,17084.8768
0,17111.5289
0,17110.2308
0,17102.9971
0,17111.4304
0,17097.1251
0,17117.7504
0,17084.5751
0,17098.2709
0,17096.813
0,17096.853
0,17110.4729
0,17116.8529
0,17128.8446
0,17112.6477
0,17103.0896
0,17134.485
0,17151.9174
0,17125.4557
0,17154.8415
0,17156.9876
0,17146.0397
0,17140.2318
0,17114.8501
0,17113.7353
0,17115.3196
0,17104.0521
0,17103.972
0,17106.2794
0,17116.8237
0,17032.2212
0,17052.8896
0,17081.8292
0,17066.0736
0,17071.6176
0,17067.3129
0,17087.5972
0,17135.0231
0,17112.81
0,17103.1464
0,17117.5649
0,17059.7443
0,17052.6085
0,17052.6287
0,17046.3781
0,17071.9735
0,17080.9673
0,17099.5083
0,17089.3313
0,17061.3765
0,17067.2058
0,17050.9825
0,17045.4096
0,17057.1491
0,17062.0762
0,17062.6437
0,17080.1572
0,17085.9268
0,17075.8072
0,17058.0498
0,17060.5605
0,17063.4208
0,17049.3542
0,17038.1451
0,17085.3588
0,17125.2967
0,17137.1217
0,17059.8065
0,17189.0909
0,17256.6616
0,17106.5605
0,17099.6255
0,17125.2195
0,17090.3513
0,16916.5437
0,16959.739
0,16961.5732
0,16853.0609
0,16853.256
0,16872.6751
0,16849.8188
0,16823.1236
0,16826.551
0,16821.2154
0,16836.8616
0,16818.2694
0,16818.1809
0,16801.4498
0,16793.9754
0,16839.9866
0,16837.0515
0,16850.312
0,16847.3488
0,16883.6264
0,16916.6001
0,16977.2261
0,16957.3435
0,16969.8006
0,17014.2555
0,17009.7488
0,17003.1611
0,17009.3534
0,17008.3934
0,17023.6615
0,17012.8659
0,16991.6247
0,16990.5168
0,16977.8506
0,16993.7001
0,17001.6746
0,16979.9032
0,16974.7665
0,16971.6891
0,16962.5099
0,16960.5738
0,16967.859
0,16981.7376
0,16966.3518
0,16989.6393
0,16963.0274
0,16989.1564
0,16953.334
0,16959.8887
0,16947.1314
0,16932.0346
0,16909.1782
0,16882.1913
0,16783.3243
0,16841.6917
0,16784.273
0,16771.7328
0,16809.9553
0,16847.1002
0,16832.5794
0,16909.9383
0,16912.9465
0,16939.1621
0,16927.7016
0,16923.6421
0,16940.6693
0,16939.5523
0,16925.0423
0,16922.4834
0,16954.8675
0,16965.6346
0,16941.756
0,16909.9649
0,16894.2528
0,16920.5972
0,16886.5512
0,16909.463
0,16902.1133
0,16913.0249
0,16904.0118
0,16910.9313
0,16929.0457
0,16907.3062
0,16902.4286
0,16908.2672
0,16912.6457
0,16908.1177
0,16915.4662
0,16918.0494
0,16919.2054
0,16930.2781
0,16912.3193
0,16870.1168
0,16888.0768
0,16890.0845
0,16885.7173
0,16865.9544
0,16878.2033
0,16878.2484
0,16959.0875
0,16935.972
0,16936.3912
0,16950.9324
0,16965.1088
0,16979.9352
0,16969.8569
0,16972.2921
0,16990.1637
0,17024.713
0,17016.0536
0,17050.8051
0,17140.7141
0,17234.7184
0,17209.6546
0,17212.1687
0,17216.4025
0,17196.7934
0,17195.3559
0,17214.8513
0,17228.9006
0,17215.0316
0,17236.8578
0,17231.1449
0,17197.4857
0,17199.9924
0,17216.9873
0,17222.0701
0,17198.4891
0,17192.5105
0,17207.569
0,17204.5585
0,17235.1407
0,17222.3531
0,17220.2467
0,17197.4935
0,17136.4609
0,17126.0635
0,17302.5319
0,17390.9241
0,17350.2446
0,17342.5919
0,17547.0276
0,17620.7775
0,17665.6458
0,17670.4806
0,17650.6933
0,17630.1689
0,17567.0214
0,17377.0025
0,17378.7864
0,17359.5148
0,17342.1786
0,17283.3065
0,17344.7232
0,17319.7271
0,17345.1102
0,17341.5002
0,17389.3754
0,17506.003
0,17535.3435
0,17508.908
0,17495.2864
0,17514.1917
0,17581.9067
0,17592.8786
0,17601.2194
0,17617.1518
0,17616.1332
0,17632.3624
0,17629.3893
0,17628.5056
0,17642.8768
0,17676.9316
0,17688.3166
0,17687.8562
0,17700.0537
0,17717.7332
0,17697.3631
0,17704.9349
0,17690.8256
0,17655.3368
0,17878.3535
0,17860.6006
0,17885.3293
0,17912.6956
0,17909.029
0,17939.5954
0,17949.3795
0,17928.7279
0,17910.212
0,17901.5582
0,17899.9905
0,17900.8831
0,17900.5697
0,17905.0779
0,17904.6841
0,17912.6915
0,17891.1292
0,17901.6021
0,17896.9767
0,17905.0655
0,17892.9846
0,17898.5982
0,17877.9842
0,17855.9717
0,17826.2672
0,17798.8336
0,17805.8437
0,17807.4992
0,17784.9061
0,17788.7062
0,17807.0848
0,17829.9708
0,17818.6442
0,17816.0743
0,17867.3041
0,17891.3217
0,17881.2069
0,17902.2084
0,17883.2177
0,17841.2341
0,17830.854
0,17826.668
0,17792.1988
0,17792.7473
0,17791.6526
0,17812.6581
0,17795.9711
0,17767.9891
0,17802.0362
0,17812.1411
0,17850.0396
0,17813.2497
0,17819.9724
0,17830.2156
0,17826.4785
0,17825.1008
0,17796.4533
0,17830.1749
0,17814.6277
0,17832.9093
0,17824.159
0,17809.9277
0,17801.4163
0,17775.4037
0,17802.4611
0,17820.1241
0,17835.3979
0,17813.6535
0,17840.0903
0,17830.8017
0,17837.9683
0,17852.6232
0,17856.645
0,17834.6065
0,17836.3881
0,17846.9903
0,17830.5239
0,17827.6431
0,17840.1645
0,17809.4978
0,17811.8703
0,17795.7837
0,17782.3897
0,17795.063
0,17816.5608
0,17834.1851
0,17815.476
0,17758.1336
0,17752.1715
0,17759.2956
0,17758.8883
0,17742.748
0,17758.233
0,17750.5654
0,17742.9511
0,17730.2022
0,17705.7802
0,17682.5005
0,17708.9723
0,17700.5988
0,17700.5411
0,17689.4636
0,17710.8955
0,17690.5142
0,17720.1909
0,17719.2197
0,17724.3779
0,17714.1709
0,17725.0966
0,17808.5061
0,17748.514
0,17762.6447
0,17765.0991
0,17754.7857
0,17739.9784
0,17742.0297
0,17742.3366
0,17749.4625
0,17747.0627
0,17724.1356
0,17696.7804
0,17728.4918
0,17739.0192
0,17735.5271
0,17723.7199
0,17707.088
0,17716.9622
0,17725.7954
0,17715.8714
0,17708.0997
0,17707.9873
0,17710.738
0,17722.3159
0,17725.7348
0,17746.5325
0,17762.551
0,17762.931
0,17715.1647
0,17740.0905
0,17775.7041
0,17768.6137
0,17759.6849
0,17767.2584
0,17765.9046
0,17747.666
0,17757.2206
0,17748.1416
0,17760.1334
0,17749.7854
0,17756.2794
0,17753.365
0,17746.2135
0,17728.5888
0,17731.0313
0,17724.832
0,17725.825
0,17710.5698
0,17725.699
0,17714.4555
0,17719.5693
0,17697.5147
0,17658.3707
0,17638.1595
0,17659.0782
0,17644.866
0,17650.5681
0,17508.3247
0,17505.7931
0,17498.7002
0,17488.3654
0,17461.5178
0,17484.6787
0,17551.9415
0,17479.851
0,17472.3757
0,17433.8215
0,17449.6879
0,17449.2353
0,17436.5214
0,17457.3233
0,17438.1299
0,17434.4974
0,17442.2526
0,17467.5711
0,17440.4707
0,17411.783
0,17370.2758
0,17389.3543
0,17317.4136
0,17272.0943
0,17230.8646
0,17264.8147
0,17278.674
0,17295.1173
0,17274.0599
0,17305.5274
0,17269.3543
0,17314.7139
0,17364.4919
0,17359.4915
0,17335.6819
0,17362.3484
0,17341.1253
0,17355.1848
0,17330.636
0,17353.9826
0,17315.15
0,17325.3886
0,17344.5795
0,17314.1294
0,17293.6039
0,17312.6231
0,17273.3175
0,17280.5855
0,17309.4406
0,17308.9598
0,17306.9098
0,17318.103
0,17374.2355
0,17329.725
0,17311.8545
0,17292.2996
0,17284.3109
0,17289.0357
0,17285.7394
0,17271.956
0,17289.4739
0,17282.4175
0,17286.3493
0,17295.4406
0,17312.7512
0,17342.6325
0,17353.8747
0,17407.1886
0,17417.951
0,17442.2216
0,17417.5756
0,17391.9185
0,17393.5782
0,17383.1619
0,17334.1348
0,17285.0896
0,17250.2991
0,17156.1048
0,17129.7895
0,17107.9864
0,17123.7251
0,17178.126
0,17185.6234
0,17192.9882
0,17180.7563
0,17159.3141
0,17217.9095
0,17277.8831
0,17147.2183
0,17031.0411
0,16779.321
0,16483.064
0,16462.0125
0,16363.9669
0,16233.6544
0,16447.3272
0,16444.7076
0,16459.1724
0,16508.9023
0,16541.481
0,16560.8414
0,16543.4488
0,16513.7505
0,16521.8453
0,16556.954
0,16542.0117
0,16456.1275
0,16526.1147
0,16493.9354
0,16500.5698
0,16508.8818
0,16545.993
0,444804.9832
0,16508.4552
0,16476.9029
0,16478.6945
0,16472.7032
0,16419.9524
0,16470.4597
0,16441.102
0,16460.1139
0,16483.7227
0,16470.6882
0,16460.8213
0,16462.3593
0,16421.4335
0,16395.811
0,16323.1196
0,16214.1998
0,16164.7404
0,16188.1466
0,16147.246
0,16137.4021
0,16180.2868
0,16501.5252
0,16840.8866
0,17131.204
0,16862.5334
0,16542.2489
0,16555.584
0,16521.5483
0,16178.6279
0,15730.2244
0,15664.2022
0,15607.7272
0,15478.647
0,14999.5352
0,15187.0722
0,15409.7669
0,15377.1273
0,15211.1925
0,15283.1499
0,15409.3955
0,15280.2899
0,15328.442
0,15347.9411
0,15495.7572
0,15566.4406
0,15600.5518
0,15521.944
0,15460.7929
0,15479.7415
0,15409.2577
0,15528.8043
0,15515.2362
0,15510.859
0,15401.2595
0,15459.596
0,15259.6398
0,15195.5431
0,15298.9371
0,15329.9942
0,15264.5117
0,15217.0303
0,15390.9796
0,15447.8466
0,15407.0787
0,15371.8747
0,15365.0599
0,15328.318
0,15330.0726
0,15301.9513
0,15294.6922
0,15253.8441
0,15175.987
0,15111.9335
0,15106.544
0,15150.9108
0,15135.7711
0,15050.3802
0,14983.758
0,14842.749
0,14818.3575
0,14590.786
0,14683.7731
0,14816.6883
0,14708.6504
0,14899.3098
0,14800.154
0,14770.8212
0,14878.2861
0,14803.0889
0,14918.78
0,14561.2463
0,14695.0225
0,14724.6909
0,14689.3782
0,14613.042
0,14834.902
0,14823.4116
0,14812.6173
0,14255.9422
0,14409.5968
0,14346.9543
0,14200.1526
0,14333.8097
0,14269.3187
0,14283.8654
0,14175.2058
0,14207.6779
0,14232.2498
0,14144.1245
0,13982.8769
0,13869.9325
0,13970.5599
0,14056.6473
0,14073.8301
0,14084.7829
0,14134.7441
0,14030.0051
0,13989.3459
0,14101.2988
0,13592.2327
0,13416.2418
0,13380.0694
0,13482.6622
0,13314.4163
0,13221.3591
0,13339.6198
0,13255.1907
0,13304.7421
0,13108.5185
0,13093.3672
0,13068.281
0,13231.6605
0,13392.4083
0,13489.8277
0,13534.502
0,13449.885
0,13740.8656
0,13718.1897
0,13688.0249
0,13604.4868
0,13903.3402
0,13848.2062
0,13903.5287
0,13862.5915
0,13985.244
0,13912.9685
0,14028.3717
0,13970.8666
0,13965.4064
0,13922.5055
0,14059.7596
0,13973.6311
0,13971.0563
0,13770.831
0,13976.2439
0,14141.1189
0,14009.2737
0,13974.6315
0,13922.9529
0,13972.3159
0,13941.0937
0,13829.736
0,13695.8596
0,13687.6594
0,13642.1363
0,13568.1739
0,13679.5482
0,13694.7678
0,13735.694
0,13623.2734
0,13725.507
0,13803.3944
0,14334.4404
0,14528.8342
0,14612.2654
0,14555.7083
0,14780.5038
0,14773.1866
0,14512.9178
0,14548.2257
0,14619.647
0,14829.9206
0,14952.2202
0,14899.0445
0,14791.3116
0,14851.5352
0,14573.6241
0,14366.0461
0,14469.0328
0,14437.2337
0,14440.714
0,14470.4655
0,14528.8298
0,14414.7108
0,14492.4286
0,14469.9951
0,14529.1012
0,14570.9073
0,14555.4002
0,14604.4177
0,15020.5605
0,14980.7802
0,14924.1156
0,14936.1631
0,14884.0566
0,14836.4725
0,14819.7099
0,14893.6901
0,14879.0744
0,14615.3589
0,14698.7248
0,14626.3567
0,14584.252
0,14666.7149
0,14542.2392
0,14355.9979
0,14275.3201
0,14195.6121
0,14309.1261
0,14256.6284
0,14221.983
0,14301.3172
0,14302.202
0,14365.464
0,14459.1605
0,14490.4497
0,14350.4011
0,14372.373
0,14411.9326
0,14408.1122
0,14499.6151
0,14503.8825
0,14528.4916
0,14522.0007
0,14478.6763
0,14520.4696
0,14536.6237
0,14497.1094
0,14470.9014
0,14533.4807
0,14503.4526
0,14525.0106
0,14415.9265
0,14433.3099
0,14456.0728
0,14450.6472
0,14503.7189
0,14501.9236
0,14449.3251
0,14479.0206
0,14419.1592
0,14422.7624
0,14580.0994
0,14521.4147
0,14302.6807
0,13827.7457
0,13861.233
0,14363.5948
0,14126.2354
0,14127.8773
0,14020.1534
0,14082.743
0,14068.3525
0,13933.8505
0,13975.436
0,14016.2572
0,14041.5042
0,14061.6038
0,13993.1596
0,14031.4053
0,14156.8844
0,14158.7113
0,14102.0329
0,14062.8809
0,13946.413
0,14030.6892
0,14012.8186
0,13965.3811
0,14012.1654
0,13948.7386
0,13938.8224
0,13904.4416
0,13932.4787
0,14071.9008
0,14031.0435
0,14021.2486
0,14022.941
0,14087.4185
0,14078.1766
0,14119.2675
0,14131.531
0,14087.1749
0,14087.6587
0,14170.2124
0,14141.9449
0,14108.6977
0,14068.9102
0,14159.4218
0,14081.5722
0,14099.4375
0,14114.7049
0,14054.0396
0,14026.3654
0,14026.2226
0,13986.8976
0,13982.0282
0,13933.7691
0,13922.8435
0,13960.7224
0,13993.3503
0,13997.603
0,13985.9947
0,14009.537
0,14042.5705
0,14009.8449
0,14011.86
0,14021.6087
0,13982.1994
0,14056.7392
0,14047.1074
0,14028.6093
0,14069.7983
0,14066.7866
0,14083.1043
0,14040.4576
0,14103.9694
0,14107.2595
0,14061.6455
0,14057.2072
0,14038.5551
0,14037.14
0,14043.3237
0,14092.2833
0,14064.9596
0,14075.6383
0,14027.7143
0,14036.695
0,14028.5046
0,14039.2616
0,14019.7522
0,14083.6521
0,14093.0545
0,14099.1324
0,14099.3372
0,14143.7063
0,14115.2471
0,14119.6556
0,14114.0722
0,14092.6542
0,14093.2701
0,14082.5743
0,14065.7888
0,14094.3946
0,14099.3064
0,14103.9362
0,14097.9117
0,14061.9278
0,14055.4402
0,14076.8256
0,14070.3186
0,14067.8071
0,14084.8827
0,14070.581
0,14086.211
0,14070.8243
0,14039.9956
0,14015.3817
0,14036.4338
0,14049.6206
0,14031.2512
0,14032.1384
0,14028.2994
0,14050.0866
0,14042.1736
0,14049.6369
0,14045.6107
0,14041.2786
0,13994.4414
0,14013.594
0,14037.1041
0,14056.9327
0,14065.9181
0,14080.2559
0,14106.5196
0,14105.1986
0,14113.8223
0,14097.3231
0,14082.6866
0,14067.3813
0,14065.5048
0,14039.3628
0,14063.1271
0,14061.4618
0,14049.5948
0,14060.5846
0,14029.1921
0,13940.467
0,13939.2324
0,13949.0427
0,13966.5585
0,13998.3591
0,13942.0335
0,13954.1746
0,13927.374
0,13871.8101
0,13799.3621
0,13784.0623
0,13809.6712
0,13808.6286
0,13808.8855
0,13833.4585
0,13833.7521
0,13826.6637
0,13816.3711
0,13893.6245
0,13897.202
0,13888.5239
0,13840.253
0,13845.8119
0,13861.9018
0,13854.1997
0,13926.2551
0,13894.4774
0,13914.1963
0,13895.5851
0,13882.6092
0,13880.0224
0,13875.2791
0,13809.458
0,13802.8334
0,13837.0526
0,13812.0719
0,13801.9269
0,13803.2774
0,13844.5636
0,13770.9623
0,13772.8473
0,13805.2462
0,13805.2612
0,13781.3123
0,13756.5029
0,13777.4215
0,13795.2097
0,13781.176
0,13818.4926
0,13818.3891
0,13800.3851
0,13813.3391
0,13808.7466
0,13780.4011
0,13586.2879
0,13645.3688
0,13672.8649
0,13714.1541
0,13640.2583
0,13689.6903
0,13718.8047
0,13740.5113
0,13710.7671
0,13684.8426
0,13646.0471
0,13631.9157
0,13657.2673
0,13542.5567
0,13484.9681
0,13402.9131
0,13461.9774
0,13486.514
0,13329.688
0,13289.606
0,13355.5771
0,13351.6664
0,13312.7662
0,13253.9801
0,13271.6593
0,13309.0454
0,13336.1233
0,13730.0366
0,13817.8045
0,13729.5247
0,13948.0145
0,13986.2153
0,14085.0774
0,14032.374
0,13971.0588
0,13996.2542
0,13944.8893
0,13927.7164
0,13961.7215
0,13993.5572
0,13990.8275
0,13984.9483
0,14037.6583
0,14004.05
0,14010.6176
0,14028.3128
0,13993.3557
0,14000.6041
0,13946.7205
0,13951.8808
0,14019.8794
0,14175.969
0,14243.6109
0,14011.4822
0,13898.7095
0,13812.7548
0,13820.0067
0,13872.5962
0,13825.0083
0,13792.1328
0,13802.5554
0,13845.091
0,13711.9194
0,13752.6863
0,13753.6133
0,13783.9904
0,13828.1445
0,13835.8343
0,13847.6913
0,13827.4249
0,13878.8038
0,13862.9701
0,13862.0577
0,13786.8931
0,13785.9584
0,13668.3718
0,13606.8851
0,13611.4637
0,13607.044
0,13572.1668
0,13609.7747
0,13652.8548
0,13667.3029
0,13661.6222
0,13720.7809
0,13695.0231
0,13664.7844
0,13719.642
0,13741.2996
0,13918.886
0,13946.0021
0,13911.9539
0,13862.3529
0,13870.2695
0,13891.4754
0,13972.2865
0,14006.932
0,14067.3469
0,14029.1499
0,14040.3866
0,14004.2958
0,14014.8647
0,14005.1949
0,14006.4756
0,14002.2661
0,13958.497
0,13921.4639
0,13933.3969
0,13954.571
0,13955.4777
0,13937.3185
0,13981.4179
0,14101.9811
0,14017.9793
0,14042.5316
0,14018.834
0,14128.0984
0,14114.8595
0,14107.5553
0,14119.583
0,14125.2912
0,14037.2816
0,14014.198
0,14052.6896
0,14024.7573
0,13999.3509
0,14051.2834
0,14129.5112
0,13973.7285
0,14014.6844
0,14023.1945
0,13985.1034
0,14063.7579
0,14094.1229
0,14085.9584
0,14185.8106
0,14155.5063
0,14157.7196
0,14127.384
0,14167.1257
0,14077.0557
0,14166.6361
0,14164.2328
0,14204.1578
0,14244.4352
0,14177.4884
0,14224.5344
0,14189.1518
0,14167.1822
0,14193.6355
0,14213.6164
0,14223.5943
0,14202.9406
0,14167.3338
0,14105.8789
0,13989.8505
0,13979.5476
0,13917.3615
0,14036.3631
0,14036.4156
0,14022.004
0,14091.3831
0,14008.7418
0,13971.3273
0,14018.4805
0,14067.3765
0,14040.0868
0,14072.2314
0,14074.1221
0,14103.6788
0,14086.0993
0,14091.8469
0,14093.6484
0,14065.3249
0,14095.3066
0,14073.0483
0,14096.8059
0,14070.6996
0,14044.7615
0,14025.5112
0,14090.0222
0,14121.4632
0,14150.0309
0,14165.791
0,14158.2846
0,14116.2337
0,14120.8076
0,14131.2018
0,14112.3108
0,14123.3453
0,14120.4084
0,14125.5793
0,14117.3727
0,14043.5656
0,14028.2196
0,14059.3647
0,14093.6041
0,14074.5185
0,14077.2269
0,14074.3163
0,14024.4493
0,14030.5022
0,13975.378
0,13996.3925
0,13998.3573
0,13992.0356
0,13946.799
0,13981.1525
0,13995.5031
0,13949.6864
0,13943.3606
0,13953.3696
0,13980.9097
0,13993.1216
0,13990.7007
0,13962.3537
0,13924.6192
0,13913.8813
0,13921.4988
0,13838.6466
0,13839.4048
0,13799.6075
0,13771.8986
0,13789.1915
0,13821.7037
0,13791.9829
0,13775.739
0,13765.5072
0,13804.4969
0,13692.6536
0,13727.1439
0,13738.7499
0,13766.1118
0,13777.9225
0,13783.2744
0,13793.191
0,13805.9119
0,13858.986
0,13847.3772
0,13859.2269
0,13830.7637
0,13819.6919
0,13815.1434
0,13776.2305
0,13789.9124
0,13812.5788
0,13802.1141
0,13796.1098
0,13801.0988
0,13827.4984
0,13844.0304
0,13815.479
0,13816.0328
0,13817.9071
0,13816.7587
0,13788.7649
0,13796.5201
0,13803.5711
0,13972.4471
0,13915.1325
0,13941.095
0,13897.4424
0,13910.023
0,13943.3205
0,13937.2843
0,13911.7618
0,13851.1685
0,13847.5949
0,13809.1899
0,13724.4661
0,13757.6072
0,13775.1382
0,13791.7666
0,13813.8563
0,13821.8431
0,13818.3811
0,13822.4563
0,13836.7811
0,13867.634
0,13841.9072
0,13817.9672
0,13850.0228
0,13815.9732
0,13838.3791
0,13857.213
0,13882.8956
0,13840.3431
0,13862.4435
0,13849.1941
0,13839.3259
0,13824.1883
0,13787.0534
0,13806.6896
0,13791.2837
0,13811.357
0,13795.6278
0,13823.6198
0,13820.2642
0,13843.715
0,13835.4651
0,13843.8129
0,13845.3112
0,13831.854
0,13833.398
0,13797.1526
0,13781.3485
0,13756.5646
0,13786.9005
0,13762.274
0,13769.916
0,13793.7059
0,13778.8641
0,13933.3996
0,13873.1977
0,13859.7831
0,13805.9391
0,13837.7993
0,13886.23
0,13894.6615
0,13914.3075
0,13888.4434
0,13877.3308
0,13882.6267
0,13941.7593
0,13937.5586
0,13950.2404
0,13942.431
0,13924.3092
0,13907.5237
0,13910.5896
0,13905.8587
0,13893.7968
0,13897.4098
0,13901.4166
0,13932.9229
0,13939.1312
0,13967.7394
0,13936.4708
0,13939.2239
0,13931.4304
0,13953.7195
0,13929.592
0,13930.6212
0,13933.0245
0,13929.754
0,13922.6122
0,13936.09
0,14075.5848
0,14100.8811
0,14086.6817
0,14088.6972
0,14132.8586
0,14120.6363
0,14080.8669
0,14061.0135
0,14042.4193
0,14041.234
0,14054.6436
0,14043.5548
0,14056.1056
0,14027.9702
0,14019.3064
0,14038.296
0,14003.9051
0,14007.1519
0,14021.6086
0,14016.9703
0,14001.0386
0,13989.6348
0,13974.1013
0,13945.0829
0,13967.9242
0,13977.6319
0,13969.4453
0,13976.8229
0,13975.8754
0,13970.2348
0,13952.2633
0,13976.0695
0,14014.5463
0,14030.9983
0,19210.6093
0,19227.7435
0,19215.7127
0,19205.9477
0,19209.9258
0,19197.4657
0,19161.9135
0,19167.367
0,19168.489
0,19159.2333
0,19122.3206
0,19189.5672
0,19173.6091
0,19158.5176
0,19162.9475
0,19194.2313
0,19274.918
0,19246.2011
0,19238.8043
0,19186.4979
0,19147.0393
0,19153.7102
0,19197.4479
0,19187.7025
0,19190.263
0,19194.5736
0,19182.7214
0,19197.246
0,19222.5992
0,19181.1034
0,19199.7078
0,19184.7773
0,19206.5236
0,19192.2436
0,19168.7416
0,19191.0423
0,19179.5538
0,19187.139
0,19136.5121
0,19136.574
0,19139.9042
0,19153.0487
0,19150.0883
0,19130.129
0,19134.2132
0,18976.1866
0,19032.6076
0,19066.0084
0,19033.5248
0,19043.2447
0,19147.4808
0,19130.1463
0,19118.9227
0,19124.4906
0,19117.0879
0,19110.9722
0,19119.9715
0,19133.2404
0,19131.9436
0,19154.5143
0,19153.0295
0,19144.2247
0,19147.049
0,19119.468
0,19118.963
0,19141.9385
0,19158.9657
0,19168.6204
0,19171.2102
0,19151.6903
0,19219.1891
0,19214.7628
0,19180.7595
0,19189.3689
0,19189.3967
0,19213.8312
0,19222.0961
0,19240.827
0,19184.3568
0,19185.4536
0,19212.5146
0,19239.925
0,19257.262
0,19274.0286
0,19273.7203
0,19258.8404
0,19246.0812
0,19285.9124
0,19192.4088
0,19190.5056
0,19207.9301
0,19165.5304
0,19140.353
0,19072.4323
0,19013.3552
0,19080.9143
0,19069.9127
0,19044.9262
0,19060.5794
0,19075.8823
0,19025.0901
0,19030.4231
0,19044.3651
0,19003.4413
0,19068.7516
0,19066.762
0,19064.0477
0,19089.2102
0,19044.2586
0,19022.6612
0,19034.8795
0,19025.1181
0,19020.0496
0,19047.1009
0,19051.9077
0,19023.6456
0,19044.3332
0,19067.819
0,19103.3711
0,19073.952
0,19065.8203
0,19050.8134
0,19053.6377
0,19044.0779
0,19042.412
0,19045.3293
0,19056.587
0,19017.6151
0,19051.3205
0,19048.3282
0,19026.6109
0,19019.6968
0,19001.8156
0,18981.4699
0,19006.4024
0,18984.6193
0,18993.6951
0,18998.2854
0,19024.1946
0,19018.1196
0,18993.9142
0,18983.3275
0,18995.1097
0,18978.3136
0,18984.6083
0,18988.5446
0,18973.9399
0,18935.9846
0,18754.2837
0,18799.3456
0,18911.4092
0,18973.5205
0,19052.3062
0,18961.9555
0,18982.5423
0,19013.6073
0,19045.7542
0,19042.5169
0,19126.5218
0,19121.5799
0,19168.6587
0,19121.0752
0,19177.2277
0,19153.579
0,19201.6404
0,19146.2646
0,19131.057
0,19129.1998
0,19161.4251
0,19152.7439
0,19227.028
0,19215.2348
0,19177.6349
0,19170.3802
0,19173.8244
0,19174.7501
0,19152.2166
0,19151.5126
0,19161.2884
0,19164.7126
0,19179.464
0,19163.12
0,19178.5162
0,19190.1809
0,19178.4297
0,19179.7697
0,19168.3094
0,19166.2422
0,19168.4256
0,19159.7386
0,19155.4619
0,19137.3208
0,19154.0243
0,19151.3683
0,19155.873
0,19150.0045
0,19149.9991
0,19143.3442
0,19143.8166
0,19139.1952
0,19151.794
0,19154.0383
0,19156.7551
0,19162.1069
0,19172.6314
0,19170.0354
0,19161.4015
0,19156.6348
0,19151.7767
0,19157.4037
0,19169.4582
0,19157.6437
0,19145.9224
0,19146.7791
0,19159.4906
0,19163.0131
0,19180.4206
0,19169.2849
0,19170.7265
0,19183.7102
0,19176.3745
0,19163.9082
0,19170.7665
0,19223.6844
0,19208.6135
0,19232.3096
0,19221.2545
0,19229.4813
0,19225.1174
0,19247.3886
0,19229.8809
0,19216.0747
0,19221.2201
0,19234.9159
0,19206.0457
0,19175.5704
0,19195.9332
0,19188.6113
0,19178.7577
0,19167.5785
0,19149.3248
0,19156.834
0,19169.4997
0,19178.3035
0,19168.7323
0,19182.2654
0,19181.4965
0,19185.9363
0,19184.5135
0,19181.295
0,19187.0559
0,19214.5037
0,19218.8282
0,19206.3341
0,19210.7322
0,19216.6563
0,19203.4384
0,19194.4366
0,19199.8459
0,19187.9756
0,19197.621
0,19201.986
0,19198.294
0,19205.8171
0,19203.3042
0,19191.4275
0,19175.2634
0,19200.0933
0,19198.8439
0,19216.3108
0,19193.9098
0,19188.6277
0,19181.3276
0,19187.2167
0,19177.1548
0,19174.1407
0,19169.7448
0,19153.0492
0,19153.7145
0,19163.2379
0,19154.8399
0,19173.2202
0,19176.6386
0,19183.9067
0,19187.3143
0,19183.6297
0,19183.5484
0,19183.0787
0,19186.3495
0,19178.6662
0,19173.8478
0,19168.6289
0,19167.9963
0,19143.9002
0,19147.2352
0,19152.0301
0,19152.3195
0,19081.0194
0,19127.6299
0,19173.3435
0,19156.5195
0,19185.8626
0,19189.7527
0,19186.6692
0,19191.879
0,19206.2273
0,19183.321
0,19190.5527
0,19186.4005
0,19195.5721
0,19180.1228
0,19190.5746
0,19177.249
0,19200.6217
0,19229.05
0,19433.8033
0,19431.6013
0,19480.7558
0,19463.8954
0,19445.2627
0,19463.0011
0,19479.0181
0,19479.8801
0,19489.9978
0,19488.7817
0,19469.466
0,19452.8518
0,19495.8992
0,19503.4381
0,19554.9159
0,19476.4439
0,19485.8306
0,19606.9878
0,19584.569
0,19648.8572
0,19609.2968
0,19590.1449
0,19571.1593
0,19574.7623
0,19545.4286
0,19582.4143
0,19523.8357
0,19425.3952
0,19399.3988
0,19318.1994
0,19326.3013
0,19317.8009
0,19326.9335
0,19345.8354
0,19326.5921
0,19283.0772
0,19331.4184
0,19338.9285
0,19341.5354
0,19325.813
0,19342.7564
0,19368.1581
0,19382.8294
0,19429.4947
0,19392.7758
0,19405.6003
0,19389.3793
0,19385.7292
0,19422.9446
0,19428.3402
0,19395.2263
0,19379.7365
0,19349.6976
0,19349.2101
0,19321.9979
0,19259.5163
0,19208.0763
0,19278.5357
0,19264.8435
0,19267.5312
0,19292.533
0,19305.8456
0,19300.4982
0,19304.1795
0,19286.747
0,19267.0949
0,19248.6176
0,19294.6513
0,19302.5845
0,19326.8372
0,19336.7291
0,19372.1392
0,19365.7272
0,19352.7982
0,19338.6154
0,19336.8005
0,19315.758
0,19368.3188
0,19380.3948
0,19339.7869
0,19346.8225
0,19362.0817
0,19330.172
0,19318.3814
0,19342.2661
0,19351.6175
0,19342.0512
0,19317.2906
0,19330.5647
0,19334.4315
0,19324.1939
0,19282.7415
0,19297.3378
0,19313.8275
0,19353.1388
0,19339.9642
0,19316.0988
0,19341.7734
0,19346.5293
0,19323.4215
0,19296.1764
0,19311.4309
0,19305.7036
0,19288.0902
0,19300.8609
0,19276.8921
0,19269.4637
0,19259.9205
0,19266.4377
0,19265.4434
0,19283.4225
0,19293.8813
0,19290.1599
0,19287.2073
0,19321.4455
0,19310.4987
0,19295.4038
0,19290.4851
0,19299.0615
0,19357.4908
0,19443.2035
0,19436.4276
0,19426.4036
0,19499.4348
0,19599.7012
0,19639.937
0,19669.6642
0,19748.1084
0,19767.216
0,19790.0379
0,20000.4728
0,19988.4693
0,20100.747
0,20359.343
0,20337.0853
0,20342.3836
0,20215.3698
0,20143.7541
0,20046.8235
0,20124.2334
0,20161.738
0,20164.7398
0,20125.0224
0,20154.2147
0,20186.4227
0,20164.9306
0,20115.785
0,20026.5472
0,20080.2944
0,20067.564
0,20119.9227
0,20089.6908
0,20110.5583
0,20111.9884
0,20123.2862
0,20194.899
0,20194.1115
0,20256.5875
0,20246.7835
0,20256.4212
0,20226.2861
0,20162.5785
0,20172.9199
0,20191.9143
0,20183.8892
0,20169.8893
0,20202.5884
0,20213.498
0,20222.5321
0,20234.9488
0,20300.6755
0,20309.393
0,20379.1304
0,20296.5015
0,20640.1189
0,20695.1647
0,20705.2151
0,20617.5713
0,20658.8747
0,20660.3422
0,20615.6109
0,20624.768
0,20653.0604
0,20667.2479
0,20722.585
0,20662.7328
0,20641.6107
0,20618.8904
0,20579.9557
0,20530.4345
0,20555.7188
0,20533.2964
0,20516.4716
0,20663.8041
0,20819.0426
0,20948.5828
0,20888.5402
0,20857.7015
0,20829.5619
0,20887.6039
0,20842.2748
0,20879.5914
0,20822.3969
0,20798.2294
0,20751.8562
0,20727.0776
0,20720.8549
0,20738.9895
0,20842.6075
0,20786.074
0,20788.5973
0,20701.0471
0,20647.7725
0,20728.1132
0,20741.9474
0,20766.8687
0,20770.1433
0,20728.8651
0,20719.0031
0,20769.8736
0,20736.5539
0,20752.1711
0,20722.6506
0,20755.0864
0,20707.3794
0,20844.2674
0,20851.5173
0,20783.4474
0,20846.7979
0,20817.9703
0,20806.0945
0,20784.7787
0,20808.0158
0,20758.6938
0,20720.0158
0,20787.7073
0,20686.733
0,20765.2071
0,20779.5371
0,20813.525
0,20817.295
0,20824.0265
0,20855.1824
0,20821.1904
0,20809.7682
0,20829.0124
0,20769.392
0,20765.5693
0,20746.1519
0,20772.9106
0,20726.0073
0,20715.3954
0,20714.0457
0,20712.1213
0,20723.8595
0,20742.7375
0,20697.0229
0,20660.965
0,20652.4657
0,20613.7422
0,20601.9336
0,20626.5514
0,20572.4323
0,20540.2725
0,20567.3657
0,20603.145
0,20622.6444
0,20560.5094
0,20583.6855
0,20634.9231
0,20684.8472
0,20757.9168
0,20617.7074
0,20608.3861
0,20645.4474
0,20557.8278
0,20638.2208
0,20607.7849
0,20610.64
0,20628.1722
0,20587.8866
0,20597.8655
0,20594.2052
0,20575.172
0,20577.1649
0,20612.6479
0,20614.6319
0,20617.8582
0,20590.91
0,20584.3303
0,20594.3102
0,20595.9023
0,20633.8929
0,20650.78
0,20668.8996
0,20632.4334
0,20538.9261
0,20301.8108
0,20412.8499
0,20433.0355
0,20385.0386
0,20340.6458
0,20383.9708
0,20357.018
0,20400.6272
0,20377.0663
0,20336.6643
0,20305.216
0,20267.1295
0,20277.872
0,20250.1301
0,20284.795
0,20285.0571
0,20326.2846
0,20255.5866
0,20235.0191
0,20269.8516
0,20292.4991
0,20298.3184
0,20273.2604
0,20231.8057
0,20257.8603
0,20264.8616
0,20294.5288
0,20284.535
0,20290.607
0,20265.3129
0,20260.6751
0,20221.9939
0,20208.9618
0,20135.4494
0,20096.0336
0,20114.9833
0,20201.967
0,20203.5788
0,20174.2642
0,20203.5848
0,20197.5519
0,20185.1658
0,20196.2992
0,20225.6474
0,20214.8964
0,20172.4116
0,20153.9529
0,20144.0848
0,20198.7252
0,20178.5583
0,20151.4579
0,20137.987
0,20184.964
0,20325.774
0,20509.4424
0,20366.8475
0,20504.7723
0,20523.318
0,20532.2628
0,20471.1762
0,20491.0885
0,20467.509
0,20477.4463
0,20540.6498
0,20593.3106
0,20704.5627
0,20719.6819
0,20706.4099
0,20695.8906
0,20659.4429
0,20683.5979
0,20619.4432
0,20650.5097
0,20640.7548
0,20636.533
0,20591.0184
0,20571.6747
0,20584.838
0,20589.8173
0,20634.0551
0,20660.4781
0,20664.6761
0,20676.0145
0,20663.5516
0,20638.8986
0,20626.258
0,20598.3261
0,20613.752
0,20607.2893
0,20593.233
0,20634.1625
0,20629.8121
0,20613.8694
0,20590.7384
0,20603.0792
0,20594.1262
0,20587.9815
0,20629.1097
0,20695.6677
0,20795.5522
0,20745.9684
0,20717.5401
0,20669.8561
0,20688.6257
0,20675.988
0,20696.3714
0,20683.085
0,20670.3685
0,20685.2442
0,20705.919
0,20697.1186
0,20683.7088
0,20715.4109
0,20758.8759
0,20727.3014
0,20745.8569
0,20927.4342
0,20879.6365
0,20863.9911
0,20915.2623
0,20891.4908
0,20930.3794
0,20911.1029
0,20948.5462
0,21020.2012
0,20833.7774
0,20873.3331
0,20781.8221
0,20754.6983
0,20695.3493
0,20688.9068
0,20766.089
0,20746.9609
0,20754.0677
0,20743.1127
0,20757.9342
0,20732.7723
0,20730.6194
0,20816.4637
0,20837.8179
0,20821.5533
0,20794.7464
0,20811.1912
0,20888.7111
0,20930.5482
0,20869.3476
0,20905.035
0,20897.5651
0,20900.3206
0,20907.9891
0,20888.4099
0,20879.9876
0,20918.382
0,20906.234
0,20832.6177
0,20824.5193
0,20822.5378
0,20870.6461
0,20843.3059
0,20841.9994
0,20841.5331
0,20831.5617
0,20846.3635
0,20872.3229
0,20875.8413
0,20877.3841
0,20872.2484
0,20908.0
0,20889.2658
0,20898.5886
0,20867.923
0,20771.349
0,20791.0086
0,20747.0816
0,20761.4073
0,20802.4024
0,20809.1602
0,20821.79
0,20755.5917
0,20734.1665
0,20746.913
0,20792.2642
0,20814.2323
0,20792.0969
0,20791.4053
0,20767.4967
0,20775.5612
0,20793.711
0,20804.5845
0,20814.9378
0,20870.9101
0,20874.2313
0,20891.2168
0,20916.9303
0,20914.3413
0,20850.2004
0,20873.7209
0,20870.3247
0,20849.7578
0,20775.9166
0,20796.3533
0,20777.0243
0,20807.9932
0,20772.2371
0,20677.881
0,20722.3043
0,20698.8966
0,20720.2884
0,20715.1629
0,20718.2323
0,20704.7115
0,20682.2623
0,20790.9896
0,20786.4689
0,20708.986
0,20751.3622
0,20728.7118
0,20686.8021
0,20700.4402
0,20684.3664
0,20709.6078
0,20720.8363
0,20739.8294
0,20741.9048
0,20718.0387
0,20702.0447
0,20649.4125
0,20663.1936
0,20653.0096
0,20637.529
0,20624.9407
0,20611.3451
0,20596.8479
0,20622.0419
0,20654.6221
0,20660.2324
0,20661.4952
0,20687.2528
0,20683.4688
0,20678.6228
0,20675.0563
0,20679.982
0,20685.5503
0,20658.1875
0,20668.8594
0,20705.8245
0,20694.2847
0,20698.9475
0,20691.8128
0,20692.8513
0,20675.9024
0,20637.3978
0,20555.848
0,20541.7576
0,20566.2271
0,20583.6723
0,20593.7546
0,20620.2176
0,20618.1879
0,20625.4585
0,20547.477
0,20532.0567
0,20475.1621
0,20492.0187
0,20522.2779
0,20526.2129
0,20550.7806
0,20592.7529
0,20566.2363
0,20545.1809
0,20536.4647
0,20504.6414
0,20471.6947
0,20504.83
0,20503.075
0,20487.3138
0,20516.3065
0,20529.8459
0,20511.1336
0,20521.4992
0,20490.6602
0,20502.4762
0,20489.8008
0,20515.704
0,20548.3008
0,20722.6214
0,20795.2184
0,20747.6116
0,20759.3943
0,20742.9323
0,20773.0158
0,20757.7987
0,20739.3799
0,20746.072
0,20692.6882
0,20723.5517
0,20707.3507
0,20747.8583
0,20640.2147
0,20344.2599
0,20357.5138
0,20330.0392
0,20319.0774
0,20341.8599
0,20373.3829
0,20378.4861
0,20401.4636
0,20461.0744
0,20358.2641
0,20384.169
0,20413.2388
0,20372.0621
0,20353.312
0,20384.9897
0,20445.3617
0,20455.83
0,20401.7992
0,20401.8088
0,20412.6598
0,20419.651
0,20382.0261
0,20395.3668
0,20412.9272
0,20433.586
0,20411.8529
0,20404.3456
0,20409.7347
0,20405.498
0,20373.9819
0,20468.9364
0,20439.8433
0,20470.2158
0,20479.3343
0,20467.9908
0,20476.5196
0,20499.1891
0,20460.4616
0,20448.6958
0,20538.0966
0,20527.7005
0,20482.7642
0,20499.8886
0,20490.8898
0,20518.2551
0,20516.3058
0,20584.8468
0,20599.6201
0,20615.4456
0,20627.0583
0,20621.0153
0,20588.7474
0,20587.8973
0,20631.0967
0,20583.6789
0,20592.7979
0,20580.3004
0,20575.8446
0,20579.7943
0,20582.6975
0,20613.1898
0,20578.6798
0,20602.5885
0,20625.3348
0,20590.3498
0,20539.7834
0,20546.9321
0,20488.673
0,20543.3522
0,20563.2837
0,20541.4755
0,20403.2332
0,20389.97
0,20460.7433
0,20444.1029
0,20448.291
0,20481.605
0,20489.1534
0,20458.1634
0,20411.4584
0,20445.928
0,20445.72
0,20455.4837
0,20409.2741
0,20436.3967
0,20429.8667
0,20417.4687
0,20436.3394
0,20439.6861
0,20440.4568
0,20438.8915
0,20475.0905
0,20464.9358
0,20469.0356
0,20444.2324
0,20443.757
0,20446.4342
0,20478.3302
0,20476.7767
0,20468.1197
0,20478.2124
0,20461.0924
0,20485.7758
0,20446.0731
0,20462.4636
0,20460.7189
0,20460.7667
0,20477.0665
0,20484.7018
0,20499.0529
0,20479.6691
0,20468.2305
0,20505.8031
0,20526.6655
0,20494.9972
0,20530.1648
0,20532.7332
0,20519.6312
0,20512.6806
0,20482.3049
0,20480.9708
0,20482.8668
0,20469.3823
0,20469.2864
0,20472.0478
0,20484.6668
0,20383.4183
0,20408.1532
0,20442.7869
0,20423.9314
0,20430.5661
0,20425.4144
0,20449.6898
0,20506.447
0,20479.8634
0,20468.2984
0,20485.5538
0,20416.3567
0,20407.8169
0,20407.841
0,20400.3606
0,20430.9921
0,20441.7554
0,20463.9445
0,20451.7651
0,20418.31
0,20425.2863
0,20405.8709
0,20399.2016
0,20413.2508
0,20419.1474
0,20419.8266
0,20440.786
0,20447.6907
0,20435.58
0,20414.3288
0,20417.3335
0,20420.7565
0,20403.9223
0,20390.5076
0,20447.011
0,20494.8069
0,20508.9586
0,20416.4311
0,20571.153
0,20652.0187
0,20472.3842
0,20464.0848
0,20494.7146
0,20452.9857
0,20244.9804
0,20296.6747
0,20298.8698
0,20169.0071
0,20169.2405
0,20192.4804
0,20165.127
0,20133.1793
0,20137.2812
0,20130.8957
0,20149.6204
0,20127.37
0,20127.2642
0,20107.2411
0,20098.2961
0,20153.3602
0,20149.8476
0,20165.7172
0,20162.171
0,20205.5865
0,20245.0479
0,20317.6026
0,20293.8078
0,20308.716
0,20361.9177
0,20356.5242
0,20348.6403
0,20356.0511
0,20354.9022
0,20373.1743
0,20360.2546
0,20334.8341
0,20333.5083
0,20318.3499
0,20337.3179
0,20346.8614
0,20320.8063
0,20314.6589
0,20310.976
0,20299.9908
0,20297.6738
0,20306.3923
0,20323.0016
0,20304.5887
0,20332.458
0,20300.6101
0,20331.8801
0,20289.0094
0,20296.8539
0,20281.5865
0,20263.5193
0,20236.1657
0,20203.869
0,20085.5493
0,20155.4008
0,20086.6847
0,20071.677
0,20117.4201
0,20161.8735
0,20144.4957
0,20237.0755
0,20240.6755
0,20272.0491
0,20258.3337
0,20253.4755
0,20273.853
0,20272.5161
0,20255.1512
0,20252.0888
0,20290.8446
0,20303.7303
0,20275.1534
0,20237.1073
0,20218.3037
0,20249.8315
0,20209.0867
0,20236.5066
0,20227.7108
0,20240.7693
0,20229.9828
0,20238.2638
0,20259.9423
0,20233.9255
0,20228.0881
0,20235.0754
0,20240.3155
0,20234.8966
0,20243.6909
0,20246.7824
0,20248.1659
0,20261.4172
0,20239.9249
0,20189.4188
0,20210.9125
0,20213.3153
0,20208.0887
0,20184.4374
0,20199.0963
0,20199.1503
0,20295.895
0,20268.2314
0,20268.733
0,20286.1354
0,20303.101
0,20320.8447
0,20308.7834
0,20311.6977
0,20333.0857
0,20374.4327
0,20364.0696
0,20405.6586
0,20513.2578
0,20625.7581
0,20595.7628
0,20598.7715
0,20603.8384
0,20580.371
0,20578.6507
0,20601.982
0,20618.7956
0,20602.1977
0,20628.3184
0,20621.4814
0,20581.1995
0,20584.1995
0,20604.5382
0,20610.6211
0,20582.4004
0,20575.2454
0,20593.2668
0,20589.664
0,20626.2634
0,20610.9598
0,20608.4389
0,20581.2089
0,20508.1678
0,20495.7246
0,20706.9142
0,20812.6982
0,20764.0147
0,20754.8563
0,20999.516
0,21087.7767
0,21141.4731
0,21147.2592
0,21123.5786
0,21099.0159
0,21023.4437
0,20796.0374
0,20798.1723
0,20775.1089
0,20754.3618
0,20683.9062
0,20757.4069
0,20727.4927
0,20757.8701
0,20753.5498
0,20810.8448
0,20950.4196
0,20985.533
0,20953.8961
0,20937.5945
0,20960.2195
0,21041.2578
0,21054.3885
0,21064.3704
0,21083.4376
0,21082.2186
0,21101.641
0,21098.0829
0,21097.0254
0,21114.2242
0,21154.9794
0,21168.6046
0,21168.0535
0,21182.651
0,21203.809
0,21179.431
0,21188.4926
0,21171.6072
0,21129.1358
0,21396.0323
0,21374.7865
0,21404.3807
0,21437.1315
0,21432.7435
0,21469.324
0,21481.0332
0,21456.3182
0,21434.1593
0,21423.8028
0,21421.9266
0,21422.9949
0,21422.6198
0,21428.0149
0,21427.5437
0,21437.1266
0,21411.3218
0,21423.8553
0,21418.3198
0,21428.0002
0,21413.5423
0,21420.2603
0,21395.5905
0,21369.2469
0,21333.6978
0,21300.8665
0,21309.2559
0,21311.2371
0,21284.1986
0,21288.7465
0,21310.7411
0,21338.1301
0,21324.575
0,21321.4994
0,21382.8089
0,21411.5522
0,21399.4472
0,21424.5809
0,21401.8536
0,21351.6095
0,21339.1871
0,21334.1775
0,21292.9263
0,21293.5826
0,21292.2726
0,21317.4111
0,21297.4408
0,21263.9531
0,21304.6992
0,21316.7923
0,21362.1476
0,21318.119
0,21326.1644
0,21338.4231
0,21333.9506
0,21332.3019
0,21298.0178
0,21338.3743
0,21319.7681
0,21341.6467
0,21331.1747
0,21314.1434
0,21303.9574
0,21272.8266
0,21305.2077
0,21326.346
0,21344.625
0,21318.6023
0,21350.2407
0,21339.1244
0,21347.7012
0,21365.2395
0,21370.0526
0,21343.6779
0,21345.8101
0,21358.4983
0,21338.792
0,21335.3444
0,21350.3295
0,21313.629
0,21316.4682
0,21297.2165
0,21281.1872
0,21296.354
0,21322.0816
0,21343.1736
0,21320.7833
0,21252.1585
0,21245.0233
0,21253.5491
0,21253.0617
0,21233.7457
0,21252.2775
0,21243.1012
0,21233.9887
0,21218.7314
0,21189.5042
0,21161.644
0,21193.3244
0,21183.3034
0,21183.2343
0,21169.9772
0,21195.626
0,21171.2345
0,21206.7503
0,21205.588
0,21211.7612
0,21199.5458
0,21212.6212
0,21312.4421
0,21240.6462
0,21257.5572
0,21260.4945
0,21248.1518
0,21230.4311
0,21232.8861
0,21233.2534
0,21241.7813
0,21238.9093
0,21211.4712
0,21178.7337
0,21216.6845
0,21229.2832
0,21225.1041
0,21210.9737
0,21191.0693
0,21202.8863
0,21213.4576
0,21201.5809
0,21192.2801
0,21192.1455
0,21195.4374
0,21209.2934
0,21213.385
0,21238.2748
0,21257.4451
0,21257.8998
0,21200.7352
0,21230.5652
0,21273.1861
0,21264.7006
0,21254.015
0,21263.0787
0,21261.4585
0,21239.6314
0,21251.0658
0,21240.2005
0,21254.5517
0,21242.1677
0,21249.9395
0,21246.4516
0,21237.893
0,21216.8005
0,21219.7236
0,21212.3046
0,21213.4929
0,21195.2362
0,21213.3421
0,21199.8864
0,21206.0064
0,21179.6125
0,21132.7666
0,21108.5787
0,21133.6133
0,21116.6047
0,21123.4288
0,20953.1981
0,20950.1683
0,20941.68
0,20929.3117
0,20897.1816
0,20924.8996
0,21005.3967
0,20919.122
0,20910.1759
0,20864.0359
0,20883.0241
0,20882.4825
0,20867.2671
0,20892.1619
0,20869.192
0,20864.8448
0,20874.1259
0,20904.426
0,20871.9933
0,20837.6612
0,20787.9872
0,20810.8195
0,20724.7241
0,20670.4878
0,20621.1459
0,20661.776
0,20678.3622
0,20698.0408
0,20672.8402
0,20710.4991
0,20667.2087
0,20721.4932
0,20781.0653
0,20775.081
0,20746.5868
0,20778.5
0,20753.1012
0,20769.927
0,20740.548
0,20768.4882
0,20722.0151
0,20734.2682
0,20757.235
0,20720.7936
0,20696.2296
0,20718.991
0,20671.9518
0,20680.6497
0,20715.1823
0,20714.6068
0,20712.1535
0,20725.5491
0,20792.726
0,20739.4578
0,20718.0712
0,20694.6686
0,20685.1082
0,20690.7626
0,20686.8178
0,20670.3224
0,20691.2871
0,20682.8422
0,20687.5477
0,20698.4277
0,20719.1443
0,20754.9049
0,20768.3591
0,20832.1628
0,20845.0428
0,20874.0888
0,20844.5935
0,20813.8883
0,20815.8745
0,20803.4087
0,20744.7352
0,20686.0401
0,20644.4043
0,20531.6768
0,20500.1838
0,20474.0907
0,20492.9261
0,20558.0307
0,20567.0033
0,20575.8171
0,20561.1786
0,20535.5175
0,20605.6419
0,20677.4156
0,20521.0417
0,20382.006
0,20080.7583
0,19726.2109
0,19701.0173
0,19583.6807
0,19427.7283
0,19683.4426
0,19680.3076
0,19697.6184
0,19757.133
0,19796.1218
0,19819.2915
0,19798.4768
0,19762.9352
0,19772.6227
0,19814.6392
0,19796.7569
0,19693.9745
0,19777.7321
0,19739.2213
0,19747.161
0,19757.1085
0,19801.5216
0,532323.1711
0,19756.598
0,19718.8375
0,19720.9816
0,19713.8116
0,19650.6817
0,19711.1267
0,19675.9926
0,19698.7453
0,19726.9992
0,19711.4001
0,19699.5917
0,19701.4324
0,19652.4542
0,19621.7903
0,19534.7964
0,19404.446
0,19345.2551
0,19373.2666
0,19324.3186
0,19312.5378
0,19363.8603
0,19748.3044
0,20154.4374
0,20501.8765
0,20180.3432
0,19797.0408
0,19812.9997
0,19772.2672
0,19361.8751
0,18825.2454
0,18746.2329
0,18678.6461
0,18524.1685
0,17950.7885
0,18175.2245
0,18441.7358
0,18402.6741
0,18204.0907
0,18290.2061
0,18441.2913
0,18286.7833
0,18344.4097
0,18367.7453
0,18544.6452
0,18629.236
0,18670.0589
0,18575.9845
0,18502.8015
0,18525.4784
0,18441.1264
0,18584.1946
0,18567.9568
0,18562.7184
0,18431.5545
0,18501.3691
0,18262.0702
0,18185.3621
0,18309.0995
0,18346.2673
0,18267.9007
0,18211.0771
0,18419.252
0,18487.3079
0,18438.5187
0,18396.388
0,18388.2324
0,18344.2613
0,18346.3612
0,18312.7068
0,18304.0194
0,18255.1342
0,18161.9582
0,18085.3018
0,18078.8519
0,18131.9481
0,18113.8296
0,18011.6375
0,17931.907
0,17763.1536
0,17733.9629
0,17461.6152
0,17572.8982
0,17731.9653
0,17602.6702
0,17830.843
0,17712.1777
0,17677.0735
0,17805.6828
0,17715.6901
0,17854.1441
0,17426.2635
0,17586.361
0,17621.8668
0,17579.606
0,17488.2503
0,17753.7626
0,17740.0115
0,17727.0932
0,17060.8888
0,17244.7759
0,17169.8082
0,16994.1223
0,17154.0773
0,17076.8972
0,17094.3061
0,16964.267
0,17003.1282
0,17032.5348
0,16927.0702
0,16734.0962
0,16598.9293
0,16719.3557
0,16822.3814
0,16842.945
0,16856.0529
0,16915.8443
0,16790.4972
0,16741.8381
0,16875.8184
0,16266.5903
0,16055.972
0,16012.6826
0,16135.461
0,15934.1118
0,15822.745
0,15964.2742
0,15863.2331
0,15922.534
0,15687.7022
0,15669.5699
0,15639.5478
0,15835.0732
0,16027.4491
0,16144.0364
0,16197.5007
0,16096.2348
0,16444.4677
0,16417.3301
0,16381.2302
0,16281.2555
0,16638.9101
0,16572.9282
0,16639.1358
0,16590.1439
0,16736.929
0,16650.4328
0,16788.5424
0,16719.7228
0,16713.1882
0,16661.8464
0,16826.1061
0,16723.0312
0,16719.9498
0,16480.3289
0,16726.1581
0,16923.4733
0,16765.6868
0,16724.2284
0,16662.3817
0,16721.4573
0,16684.0919
0,16550.8239
0,16390.6065
0,16380.7928
0,16326.3127
0,16237.7978
0,16371.0856
0,16389.2998
0,16438.2785
0,16303.7385
0,16426.0871
0,16519.2994
0,17154.832
0,17387.4741
0,17487.3209
0,17419.6358
0,17688.6612
0,17679.9044
0,17368.426
0,17410.6809
0,17496.1549
0,17747.801
0,17894.1639
0,17830.5255
0,17701.5955
0,17773.6685
0,17441.0766
0,17192.6563
0,17315.9063
0,17277.8506
0,17282.0157
0,17317.621
0,17387.4687
0,17250.8961
0,17343.9054
0,17317.058
0,17387.7935
0,17437.8253
0,17419.2671
0,17477.9291
0,17975.9506
0,17928.3433
0,17860.5296
0,17874.9475
0,17812.5887
0,17755.6421
0,17735.5814
0,17824.1176
0,17806.6262
0,17491.0231
0,17590.7917
0,17504.1847
0,17453.7956
0,17552.4836
0,17403.5165
0,17180.6311
0,17084.0794
0,16988.6884
0,17124.537
0,17061.71
0,17020.2479
0,17115.1916
0,17116.2505
0,17191.9597
0,17304.0916
0,17341.5372
0,17173.9331
0,17200.2282
0,17247.5714
0,17242.9993
0,17352.5059
0,17357.6129
0,17387.064
0,17379.2959
0,17327.4473
0,17377.4637
0,17396.7962
0,17349.5072
0,17318.1426
0,17393.0348
0,17357.0985
0,17382.8981
0,17252.351
0,17273.1548
0,17300.3963
0,17293.9032
0,17357.4172
0,17355.2686
0,17292.321
0,17327.8593
0,17256.2198
0,17260.5319
0,17448.826
0,17378.5947
0,17116.8234
0,16548.442
0,16588.5181
0,17189.7228
0,16905.6613
0,16907.6263
0,16778.7071
0,16853.6116
0,16836.3896
0,16675.4236
0,16725.1913
0,16774.0443
0,16804.2587
0,16828.3132
0,16746.4021
0,16792.1729
0,16942.3407
0,16944.5271
0,16876.6969
0,16829.8415
0,16690.4578
0,16791.3158
0,16769.9291
0,16713.1579
0,16769.1474
0,16693.2409
0,16681.3737
0,16640.2283
0,16673.7818
0,16840.6361
0,16791.7399
0,16780.0177
0,16782.0432
0,16859.207
0,16848.1468
0,16897.3225
0,16911.9989
0,16858.9154
0,16859.4945
0,16958.2912
0,16924.4618
0,16884.6731
0,16837.0571
0,16945.3774
0,16852.2105
0,16873.5909
0,16891.8621
0,16819.2606
0,16786.1413
0,16785.9705
0,16738.908
0,16733.0805
0,16675.3262
0,16662.2509
0,16707.5827
0,16746.6303
0,16751.7198
0,16737.8274
0,16766.0019
0,16805.5349
0,16766.3704
0,16768.7818
0,16780.4487
0,16733.2854
0,16822.4914
0,16810.9645
0,16788.8267
0,16838.1199
0,16834.5157
0,16854.0439
0,16803.0063
0,16879.0144
0,16882.9519
0,16828.363
0,16823.0515
0,16800.7295
0,16799.0359
0,16806.4363
0,16865.029
0,16832.3291
0,16845.109
0,16787.7556
0,16798.5033
0,16788.7015
0,16801.5749
0,16778.227
0,16854.6996
0,16865.9519
0,16873.2256
0,16873.4708
0,16926.5698
0,16892.511
0,16897.787
0,16891.105
0,16865.4729
0,16866.2099
0,16853.4096
0,16833.3215
0,16867.5557
0,16873.4339
0,16878.9747
0,16871.7648
0,16828.7008
0,16820.9368
0,16846.5299
0,16838.7426
0,16835.737
0,16856.1723
0,16839.0566
0,16857.7619
0,16839.3478
0,16802.4533
0,16772.9965
0,16798.1908
0,16813.9721
0,16791.9885
0,16793.0502
0,16788.4559
0,16814.5298
0,16805.0599
0,16813.9917
0,16809.1732
0,16803.9888
0,16747.936
0,16770.8571
0,16798.9929
0,16822.7229
0,16833.4763
0,16850.6351
0,16882.0663
0,16880.4855
0,16890.8059
0,16871.0604
0,16853.5441
0,16835.2274
0,16832.9817
0,16801.696
0,16830.1361
0,16828.1432
0,16813.9413
0,16827.0934
0,16789.5242
0,16683.3419
0,16681.8644
0,16693.6049
0,16714.567
0,16752.6246
0,16685.2166
0,16699.7466
0,16667.6727
0,16601.1763
0,16514.4737
0,16496.1636
0,16526.8112
0,16525.5635
0,16525.8709
0,16555.2788
0,16555.6302
0,16547.147
0,16534.8293
0,16627.2828
0,16631.5642
0,16621.1787
0,16563.4101
0,16570.0628
0,16589.3185
0,16580.101
0,16666.3337
0,16628.3035
0,16651.9022
0,16629.6292
0,16614.1002
0,16611.0044
0,16605.3278
0,16526.5561
0,16518.628
0,16559.5801
0,16529.6843
0,16517.5431
0,16519.1594
0,16568.5688
0,16480.486
0,16482.7419
0,16521.5155
0,16521.5335
0,16492.8724
0,16463.1817
0,16488.2162
0,16509.5043
0,16492.7094
0,16537.3683
0,16537.2444
0,16515.6979
0,16531.2008
0,16525.7047
0,16491.782
0,16259.4757
0,16330.1812
0,16363.0873
0,16412.5005
0,16324.0652
0,16383.2233
0,16418.0661
0,16444.0437
0,16408.4471
0,16377.4218
0,16330.993
0,16314.0811
0,16344.4208
0,16207.1402
0,16138.2207
0,16040.0209
0,16110.7065
0,16140.0707
0,15952.3882
0,15904.4199
0,15983.3712
0,15978.6911
0,15932.1369
0,15861.7843
0,15882.942
0,15927.6841
0,15960.0897
0,16431.508
0,16536.5448
0,16430.8953
0,16692.3744
0,16738.0914
0,16856.4053
0,16793.3322
0,16719.9528
0,16750.1055
0,16688.6343
0,16668.0825
0,16708.7783
0,16746.8779
0,16743.6111
0,16736.5751
0,16799.6562
0,16759.4352
0,16767.2951
0,16788.4718
0,16746.6367
0,16755.3113
0,16690.8258
0,16697.0014
0,16778.3792
0,16965.1803
0,17046.1313
0,16768.3298
0,16633.3684
0,16530.5015
0,16539.1803
0,16602.1171
0,16545.166
0,16505.822
0,16518.2953
0,16569.2001
0,16409.8261
0,16458.6141
0,16459.7235
0,16496.0776
0,16548.9192
0,16558.122
0,16572.312
0,16548.0581
0,16609.546
0,16590.597
0,16589.5051
0,16499.5513
0,16498.4327
0,16357.7102
0,16284.1256
0,16289.605
0,16284.3158
0,16242.5763
0,16287.5838
0,16339.1402
0,16356.4311
0,16349.6326
0,16420.4311
0,16389.6053
0,16353.417
0,16419.0681
0,16444.9871
0,16657.5146
0,16689.9661
0,16649.2186
0,16589.8583
0,16599.3325
0,16624.7108
0,16721.4221
0,16762.8843
0,16835.1861
0,16789.4737
0,16802.9213
0,16759.7294
0,16772.3778
0,16760.8053
0,16762.338
0,16757.3003
0,16704.9194
0,16660.5998
0,16674.8807
0,16700.2209
0,16701.3061
0,16679.5739
0,16732.3501
0,16876.6349
0,16776.1053
0,16805.4883
0,16777.128
0,16907.891
0,16892.0472
0,16883.3059
0,16897.7001
0,16904.5314
0,16799.2054
0,16771.58
0,16817.645
0,16784.2168
0,16753.8115
0,16815.9621
0,16909.5817
0,16723.1478
0,16772.162
0,16782.3465
0,16736.7607
0,16830.8911
0,16867.2306
0,16857.4596
0,16976.9584
0,16940.6915
0,16943.3403
0,16907.036
0,16954.5971
0,16846.8053
0,16954.0111
0,16951.135
0,16998.9155
0,17047.1178
0,16966.9988
0,17023.3013
0,16980.957
0,16954.6648
0,16986.3228
0,17010.2352
0,17022.1763
0,16997.4588
0,16954.8462
0,16881.2996
0,16742.4419
0,16730.1119
0,16655.6903
0,16798.1061
0,16798.169
0,16780.9218
0,16863.9516
0,16765.0502
0,16720.2742
0,16776.705
0,16835.2216
0,16802.5625
0,16841.0317
0,16843.2944
0,16878.6666
0,16857.6283
0,16864.5068
0,16866.6627
0,16832.7663
0,16868.6472
0,16842.0093
0,16870.4414
0,16839.1986
0,16808.157
0,16785.119
0,16862.323
0,16899.9502
0,16934.1389
0,16952.9998
0,16944.0165
0,16893.6917
0,16899.1656
0,16911.605
0,16888.9971
0,16902.2026
0,16898.6879
0,16904.8762
0,16895.0549
0,16806.7258
0,16788.3604
0,16825.6334
0,16866.6097
0,16843.7688
0,16847.0102
0,16843.5269
0,16783.8482
0,16791.0921
0,16725.1218
0,16750.2711
0,16752.6225
0,16745.0569
0,16690.9197
0,16732.0325
0,16749.2067
0,16694.3752
0,16686.8048
0,16698.7831
0,16731.7419
0,16746.3566
0,16743.4594
0,16709.535
0,16664.3759
0,16651.5252
0,16660.6416
0,16561.4876
0,16562.395
0,16514.7674
0,16481.6066
0,16502.302
0,16541.2111
0,16505.6426
0,16486.2026
0,16473.9577
0,16520.6188
0,16386.7696
0,16428.0461
0,16441.9357
0,16474.6812
0,16488.8157
0,16495.2206
0,16507.0884
0,16522.3122
0,16585.829
0,16571.936
0,16586.1172
0,16552.0537
0,16538.8035
0,16533.3601
0,16486.7908
0,16503.1647
0,16530.2908
0,16517.7671
0,16510.5815
0,16516.5521
0,16548.146
0,16567.9308
0,16533.7617
0,16534.4245
0,16536.6675
0,16535.2932
0,16501.7914
0,16511.0725
0,16519.5109
0,16721.6142
0,16653.0227
0,16684.0935
0,16631.8519
0,16646.9078
0,16686.7568
0,16679.533
0,16648.9887
0,16576.4733
0,16572.1966
0,16526.2352
0,16424.8414
0,16464.5032
0,16485.4836
0,16505.3838
0,16531.8197
0,16541.378
0,16537.2348
0,16542.1118
0,16559.2551
0,16596.1785
0,16565.3898
0,16536.7395
0,16575.1023
0,16534.3531
0,16561.1676
0,16583.7071
0,16614.4429
0,16563.518
0,16589.9668
0,16574.1104
0,16562.3006
0,16544.1847
0,16499.7432
0,16523.243
0,16504.8058
0,16528.8286
0,16510.0046
0,16543.5043
0,16539.4884
0,16567.5533
0,16557.6801
0,16567.6705
0,16569.4636
0,16553.3586
0,16555.2064
0,16511.8295
0,16492.9158
0,16463.2555
0,16499.5602
0,16470.0883
0,16479.2339
0,16507.7045
0,16489.9425
0,16674.8839
0,16602.8369
0,16586.783
0,16522.3447
0,16560.4737
0,16618.4334
0,16628.5238
0,16652.0354
0,16621.0823
0,16607.7832
0,16614.1212
0,16684.8885
0,16679.8612
0,16695.0383
0,16685.6923
0,16664.005
0,16643.9167
0,16647.5859
0,16641.9241
0,16627.4891
0,16631.8128
0,16636.608
0,16674.3135
0,16681.7432
0,16715.9803
0,16678.5594
0,16681.8541
0,16672.5272
0,16699.2019
0,16670.3271
0,16671.5589
0,16674.435
0,16670.521
0,16661.974
0,16678.1037
0,16845.0449
0,16875.3185
0,16858.3252
0,16860.7373
0,16913.5877
0,16898.9607
0,16851.3664
0,16827.6066
0,16805.354
0,16803.9354
0,16819.9835
0,16806.7128
0,16821.7331
0,16788.0618
0,16777.6934
0,16800.4194
0,16759.2619
0,16763.1475
0,16780.4487
0,16774.8977
0,16755.8313
0,16742.1838
0,16723.5939
0,16688.8659
0,16716.2015
0,16727.8191
0,16718.0218
0,16726.851
0,16725.7171
0,16718.9666
0,16697.4592
0,16725.9494
0,16771.9967
0,16791.6858
